CREATE DATABASE coin_data;
USE coin_data;

CREATE TABLE metals (
  metal_id varchar(5) PRIMARY KEY,
  name varchar(255) NOT NULL
);

CREATE TABLE tags (
  tag_id varchar(255) PRIMARY KEY,
  bullion boolean DEFAULT FALSE
);
-- Tags
INSERT INTO tags(tag_id) VALUES("none");
INSERT INTO tags(tag_id,bullion) VALUES("bullion",TRUE);

CREATE TABLE countries (
  country_id varchar(255) PRIMARY KEY,
  name varchar(255) NOT NULL,
  tags varchar(255) default "none",
  FOREIGN KEY (tags) REFERENCES tags(tag_id) ON UPDATE CASCADE,
  alternative_name_1 varchar(255),
  alternative_name_2 varchar(255),
  alternative_name_3 varchar(255),
  alternative_name_4 varchar(255),
  alternative_name_5 varchar(255)
);

CREATE TABLE denominations (
  denomination_id varchar(255) PRIMARY KEY,
  country_id varchar(255) NOT NULL,
  FOREIGN KEY (country_id) REFERENCES countries(country_id) ON UPDATE CASCADE,
  name varchar(255) NOT NULL,
  tags varchar(255) DEFAULT "none",
  FOREIGN KEY (tags) REFERENCES tags(tag_id) ON UPDATE CASCADE,
  alternative_name_1 varchar(255),
  alternative_name_2 varchar(255),
  alternative_name_3 varchar(255),
  alternative_name_4 varchar(255),
  alternative_name_5 varchar(255)
);

CREATE TABLE face_values (
  value_id varchar(255) PRIMARY KEY,
  denomination_id varchar(255) NOT NULL,
  FOREIGN KEY (denomination_id) REFERENCES denominations(denomination_id) ON UPDATE CASCADE,
  value decimal(20,10) NOT NULL,
  name varchar(255),
  tags varchar(255) DEFAULT "none",
  FOREIGN KEY (tags) REFERENCES tags(tag_id) ON UPDATE CASCADE,
  alternative_name_1 varchar(255),
  alternative_name_2 varchar(255),
  alternative_name_3 varchar(255),
  alternative_name_4 varchar(255),
  alternative_name_5 varchar(255)
);

CREATE TABLE coins (
  coin_id varchar(255) PRIMARY KEY,
  face_value_id varchar(255) NOT NULL,
  FOREIGN KEY (face_value_id) REFERENCES face_values(value_id) ON UPDATE CASCADE,
  gross_weight decimal(20,10) NOT NULL,
  fineness decimal(11,10) NOT NULL,
  precious_metal_weight decimal(20,10),
  years varchar(1024) NOT NULL,
  tags varchar(255) DEFAULT "none",
  FOREIGN KEY (tags) REFERENCES tags(tag_id) ON UPDATE CASCADE,
  metal varchar(5) NOT NULL,
  FOREIGN KEY (metal) REFERENCES metals(metal_id) ON UPDATE CASCADE,
  name varchar(255)
);

CREATE TABLE specific_coins (
  id int PRIMARY KEY AUTO_INCREMENT,
  coin_id varchar(255) NOT NULL,
  FOREIGN KEY (coin_id) REFERENCES coins(coin_id) ON UPDATE CASCADE,
  year int,
  mintmark varchar(255)
);

CREATE TABLE purchases (
  purchase_id int PRIMARY KEY AUTO_INCREMENT,
  coin_id varchar(255) NOT NULL,
  FOREIGN KEY (coin_id) REFERENCES coins(coin_id) ON UPDATE CASCADE,
  purchase_date date NOT NULL,
  unit_price decimal(30,10) NOT NULL,
  purchase_quantity int DEFAULT 1,
  specific_coin int,
  FOREIGN KEY (specific_coin) REFERENCES specific_coins(id) ON UPDATE CASCADE
);

-- Metal types
insert into metals(metal_id,name) values("au","gold"),("ag","silver"),("pd","palladium"),("pt","platinum"),("rh","rhodium"),("other","unknown");


-- Countries
insert into countries(country_id,name,alternative_name_1) values("can","canada","canadian");
insert into countries(country_id,name,alternative_name_1,alternative_name_2,alternative_name_3) values("fra","france","french","francais","francaise");
insert into countries(country_id,name,alternative_name_1,alternative_name_2) values("deu","germany","german","deutschland");
insert into countries(country_id,name,alternative_name_1) values("gbr","great britain","british");
insert into countries(country_id,name,alternative_name_1) values("ita","italy","italian");
insert into countries(country_id,name,alternative_name_1) values("mex","mexico","mexican");
insert into countries(country_id,name,alternative_name_1) values("rus","russia","russian");
insert into countries(country_id,name,alternative_name_1,alternative_name_2,alternative_name_3,alternative_name_4,alternative_name_5) values("zaf","south africa","south african","s africa","s. africa","s african","s. african");
insert into countries(country_id,name,alternative_name_1,alternative_name_2,alternative_name_3) values("che","switzerland","swiss","helvetia","confoederatio helvetica");
insert into countries(country_id,name,alternative_name_1,alternative_name_2,alternative_name_3,alternative_name_4) values("usa","united states of america","usa","us","united states","united states america");

-- Denominations
INSERT INTO denominations(denomination_id,country_id,name,alternative_name_1) values("can_cent","can","cent","cents");
INSERT INTO denominations(denomination_id,country_id,name,alternative_name_1) values("can_sovereign","can","sovereign","sovereigns");
INSERT INTO denominations(denomination_id,country_id,name,alternative_name_1) values("can_dollar","can","dollar","dollars");
INSERT INTO denominations(denomination_id,country_id,name,alternative_name_1,tags) values("can_maple","can","maple","maples","bullion");

INSERT INTO denominations(denomination_id,country_id,name,alternative_name_1) values("fra_centime","fra","centime","centimes");
INSERT INTO denominations(denomination_id,country_id,name,alternative_name_1) values("fra_franc","fra","franc","francs");

INSERT INTO denominations(denomination_id,country_id,name,alternative_name_1) values("deu_pfennig","deu","pfennig","pfennigs");
INSERT INTO denominations(denomination_id,country_id,name,alternative_name_1) values("deu_mark","deu","mark","marks");

INSERT INTO denominations(denomination_id,country_id,name,alternative_name_1,tags) values("gbr_britannia","gbr","britannia","britannias","bullion");

INSERT INTO denominations(denomination_id,country_id,name,alternative_name_1,alternative_name_2) values("ita_centesimo","ita","centesimo","centesimi","centesimis");
INSERT INTO denominations(denomination_id,country_id,name,alternative_name_1,alternative_name_2) values("ita_lira","ita","lira","lire","liras");

INSERT INTO denominations(denomination_id,country_id,name,alternative_name_1) values("mex_real","mex","real","reales");
INSERT INTO denominations(denomination_id,country_id,name,alternative_name_1) values("mex_escudo","mex","escudo","escudos");
INSERT INTO denominations(denomination_id,country_id,name,alternative_name_1) values("mex_centavo","mex","centavo","centavos");
INSERT INTO denominations(denomination_id,country_id,name,alternative_name_1) values("mex_peso","mex","peso","pesos");

INSERT INTO denominations(denomination_id,country_id,name,alternative_name_1) values("rus_kopek","rus","kopek","kopeks");
INSERT INTO denominations(denomination_id,country_id,name,alternative_name_1) values("rus_ruble","rus","ruble","rubles");

INSERT INTO denominations(denomination_id,country_id,name,alternative_name_1,tags) values("zaf_krugerrand","zaf","krugerrand","krugerrands","bullion");

INSERT INTO denominations(denomination_id,country_id,name,alternative_name_1) values("che_franc","che","franc","francs");

INSERT INTO denominations(denomination_id,country_id,name,alternative_name_1) values("usa_cent","usa","cent","cents");
INSERT INTO denominations(denomination_id,country_id,name,alternative_name_1) values("usa_dollar","usa","dollar","dollars");
INSERT INTO denominations(denomination_id,country_id,name,alternative_name_1,tags) values("usa_bullion","usa","bullion","bullions","bullion");

-- Values
INSERT INTO face_values(value_id,denomination_id,value,name,alternative_name_1) VALUES("can_cent_5","can_cent",5,"nickel","nickels");
INSERT INTO face_values(value_id,denomination_id,value,name,alternative_name_1) VALUES("can_cent_10","can_cent",10,"dime","dimes");
INSERT INTO face_values(value_id,denomination_id,value) VALUES("can_cent_20","can_cent",20);
INSERT INTO face_values(value_id,denomination_id,value,name,alternative_name_1) VALUES("can_cent_25","can_cent",25,"quarter","quarters");
INSERT INTO face_values(value_id,denomination_id,value,name,alternative_name_1) VALUES("can_cent_50","can_cent",50,"half","halves");
INSERT INTO face_values(value_id,denomination_id,value) VALUES("can_sovereign_1","can_sovereign",1);
INSERT INTO face_values(value_id,denomination_id,value) VALUES("can_dollar_1","can_dollar",1);
INSERT INTO face_values(value_id,denomination_id,value) VALUES("can_dollar_5","can_dollar",5);
INSERT INTO face_values(value_id,denomination_id,value) VALUES("can_dollar_10","can_dollar",10);
INSERT INTO face_values(value_id,denomination_id,value,name,alternative_name_1) VALUES("can_maple_1_oz","can_maple",50,"1 oz maple","1");
INSERT INTO face_values(value_id,denomination_id,value,name,alternative_name_1) VALUES("can_maple_fractional_1_2_oz","can_maple",20,"1/2 oz maple","1/2");
INSERT INTO face_values(value_id,denomination_id,value,name,alternative_name_1) VALUES("can_maple_fractional_1_4_oz","can_maple",10,"1/4 oz maple","1/4");
INSERT INTO face_values(value_id,denomination_id,value,name,alternative_name_1) VALUES("can_maple_fractional_1_10_oz","can_maple",5,"1/10 oz maple","1/10");
INSERT INTO face_values(value_id,denomination_id,value,name,alternative_name_1) VALUES("can_maple_fractional_1_20_oz","can_maple",1,"1/20 oz maple","1/20");
INSERT INTO face_values(value_id,denomination_id,value,name,alternative_name_1) VALUES("can_maple_1_gram","can_maple",0.5,"1 gram maple","1");
INSERT INTO face_values(value_id,denomination_id,value) VALUES("fra_centime_20","fra_centime",20);
INSERT INTO face_values(value_id,denomination_id,value) VALUES("fra_centime_50","fra_centime",50);
INSERT INTO face_values(value_id,denomination_id,value) VALUES("fra_franc_1","fra_franc",1);
INSERT INTO face_values(value_id,denomination_id,value) VALUES("fra_franc_2","fra_franc",2);
INSERT INTO face_values(value_id,denomination_id,value) VALUES("fra_franc_5","fra_franc",5);
INSERT INTO face_values(value_id,denomination_id,value) VALUES("fra_franc_10","fra_franc",10);
INSERT INTO face_values(value_id,denomination_id,value) VALUES("fra_franc_20","fra_franc",20);
INSERT INTO face_values(value_id,denomination_id,value) VALUES("fra_franc_50","fra_franc",50);
INSERT INTO face_values(value_id,denomination_id,value) VALUES("fra_franc_100","fra_franc",100);
INSERT INTO face_values(value_id,denomination_id,value) VALUES("deu_pfennig_20","deu_pfennig",20);
INSERT INTO face_values(value_id,denomination_id,value) VALUES("deu_pfennig_50","deu_pfennig",50);
INSERT INTO face_values(value_id,denomination_id,value) VALUES("deu_mark_1","deu_mark",1);
INSERT INTO face_values(value_id,denomination_id,value) VALUES("deu_mark_2","deu_mark",2);
INSERT INTO face_values(value_id,denomination_id,value) VALUES("deu_mark_3","deu_mark",3);
INSERT INTO face_values(value_id,denomination_id,value) VALUES("deu_mark_5","deu_mark",5);
INSERT INTO face_values(value_id,denomination_id,value) VALUES("deu_mark_10","deu_mark",10);
INSERT INTO face_values(value_id,denomination_id,value) VALUES("deu_mark_20","deu_mark",20);
INSERT INTO face_values(value_id,denomination_id,value) VALUES("ita_centesimo_20","ita_centesimo",20);
INSERT INTO face_values(value_id,denomination_id,value) VALUES("ita_centesimo_50","ita_centesimo",50);
INSERT INTO face_values(value_id,denomination_id,value) VALUES("ita_lira_1","ita_lira",1);
INSERT INTO face_values(value_id,denomination_id,value) VALUES("ita_lira_2","ita_lira",2);
INSERT INTO face_values(value_id,denomination_id,value) VALUES("ita_lira_5","ita_lira",5);
INSERT INTO face_values(value_id,denomination_id,value) VALUES("ita_lira_10","ita_lira",10);
INSERT INTO face_values(value_id,denomination_id,value) VALUES("ita_lira_20","ita_lira",20);
INSERT INTO face_values(value_id,denomination_id,value) VALUES("ita_lira_50","ita_lira",50);
INSERT INTO face_values(value_id,denomination_id,value) VALUES("ita_lira_100","ita_lira",100);
INSERT INTO face_values(value_id,denomination_id,value) VALUES("ita_lira_500","ita_lira",500);
INSERT INTO face_values(value_id,denomination_id,value,name) VALUES("che_franc_fractional_1_2","che_franc",0.5,"1/2");
INSERT INTO face_values(value_id,denomination_id,value) VALUES("che_franc_1","che_franc",1);
INSERT INTO face_values(value_id,denomination_id,value) VALUES("che_franc_2","che_franc",2);
INSERT INTO face_values(value_id,denomination_id,value) VALUES("che_franc_5","che_franc",5);
INSERT INTO face_values(value_id,denomination_id,value) VALUES("che_franc_10","che_franc",10);
INSERT INTO face_values(value_id,denomination_id,value) VALUES("che_franc_20","che_franc",20);
INSERT INTO face_values(value_id,denomination_id,value) VALUES("che_franc_100","che_franc",100);
INSERT INTO face_values(value_id,denomination_id,value,name,alternative_name_1) VALUES("usa_cent_10","usa_cent",10,"dime","dimes");
INSERT INTO face_values(value_id,denomination_id,value,name,alternative_name_1) VALUES("usa_cent_25","usa_cent",25,"quarter","quarters");
INSERT INTO face_values(value_id,denomination_id,value,name,alternative_name_1) VALUES("usa_cent_50","usa_cent",50,"half","halves");
INSERT INTO face_values(value_id,denomination_id,value,name,alternative_name_1) VALUES("usa_dollar_1","usa_dollar",1,"dollar","dollars");
INSERT INTO face_values(value_id,denomination_id,value,name,alternative_name_1) VALUES("usa_bullion_fractional_1_10_oz","usa_bullion",0.1,"1/10 oz bullion","1/10");
INSERT INTO face_values(value_id,denomination_id,value,name,alternative_name_1) VALUES("usa_bullion_fractional_1_4_oz","usa_bullion",0.25,"1/4 oz bullion","1/4");
INSERT INTO face_values(value_id,denomination_id,value,name,alternative_name_1) VALUES("usa_bullion_fractional_1_2_oz","usa_bullion",0.5,"1/2 oz bullion","1/2");
INSERT INTO face_values(value_id,denomination_id,value,name,alternative_name_1) VALUES("usa_bullion_1_oz","usa_bullion",1,"1 oz bullion","1");
INSERT INTO face_values(value_id,denomination_id,value) VALUES("rus_kopek_5","rus_kopek",5);
INSERT INTO face_values(value_id,denomination_id,value) VALUES("rus_kopek_10","rus_kopek",10);
INSERT INTO face_values(value_id,denomination_id,value) VALUES("rus_kopek_15","rus_kopek",15);
INSERT INTO face_values(value_id,denomination_id,value) VALUES("rus_kopek_20","rus_kopek",20);
INSERT INTO face_values(value_id,denomination_id,value) VALUES("rus_kopek_25","rus_kopek",25);
INSERT INTO face_values(value_id,denomination_id,value) VALUES("rus_kopek_50","rus_kopek",50);
INSERT INTO face_values(value_id,denomination_id,value,name) VALUES("rus_ruble_fractional_1_2","rus_ruble",0.5,"1/2");
INSERT INTO face_values(value_id,denomination_id,value) VALUES("rus_ruble_1","rus_ruble",1);
INSERT INTO face_values(value_id,denomination_id,value) VALUES("rus_ruble_3","rus_ruble",3);
INSERT INTO face_values(value_id,denomination_id,value) VALUES("rus_ruble_5","rus_ruble",5);
INSERT INTO face_values(value_id,denomination_id,value,name,alternative_name_1,alternative_name_2) VALUES("rus_ruble_fractional_7_1_2","rus_ruble",7.5,"7-1/2","7 1/2","15/2");
INSERT INTO face_values(value_id,denomination_id,value) VALUES("rus_ruble_10","rus_ruble",10);
INSERT INTO face_values(value_id,denomination_id,value) VALUES("rus_ruble_15","rus_ruble",15);
INSERT INTO face_values(value_id,denomination_id,value) VALUES("rus_ruble_25","rus_ruble",25);
INSERT INTO face_values(value_id,denomination_id,value,name,alternative_name_1,alternative_name_2) VALUES("rus_ruble_fractional_37_1_2","rus_ruble",37.5,"37-1/2","37 1/2","75/2");
INSERT INTO face_values(value_id,denomination_id,value,name) VALUES("mex_real_fractional_1_4","mex_real",0.25,"1/4");
INSERT INTO face_values(value_id,denomination_id,value,name) VALUES("mex_real_fractional_1_2","mex_real",0.5,"1/2");
INSERT INTO face_values(value_id,denomination_id,value) VALUES("mex_real_1","mex_real",1);
INSERT INTO face_values(value_id,denomination_id,value) VALUES("mex_real_2","mex_real",2);
INSERT INTO face_values(value_id,denomination_id,value) VALUES("mex_real_4","mex_real",4);
INSERT INTO face_values(value_id,denomination_id,value) VALUES("mex_real_8","mex_real",8);
INSERT INTO face_values(value_id,denomination_id,value,name) VALUES("mex_escudo_fractional_1_2","mex_escudo",0.5,"1/2");
INSERT INTO face_values(value_id,denomination_id,value) VALUES("mex_escudo_1","mex_escudo",1);
INSERT INTO face_values(value_id,denomination_id,value) VALUES("mex_escudo_2","mex_escudo",2);
INSERT INTO face_values(value_id,denomination_id,value) VALUES("mex_escudo_4","mex_escudo",4);
INSERT INTO face_values(value_id,denomination_id,value) VALUES("mex_escudo_8","mex_escudo",8);
INSERT INTO face_values(value_id,denomination_id,value) VALUES("mex_centavo_5","mex_centavo",5);
INSERT INTO face_values(value_id,denomination_id,value) VALUES("mex_centavo_10","mex_centavo",10);
INSERT INTO face_values(value_id,denomination_id,value) VALUES("mex_centavo_20","mex_centavo",20);
INSERT INTO face_values(value_id,denomination_id,value) VALUES("mex_centavo_50","mex_centavo",50);
INSERT INTO face_values(value_id,denomination_id,value) VALUES("mex_peso_1","mex_peso",1);
INSERT INTO face_values(value_id,denomination_id,value) VALUES("mex_peso_2","mex_peso",2);
INSERT INTO face_values(value_id,denomination_id,value,name,alternative_name_1,alternative_name_2) VALUES("mex_peso_fractional_2_1_2","mex_peso",2.5,"2-1/2","2 1/2","5/2");
INSERT INTO face_values(value_id,denomination_id,value) VALUES("mex_peso_5","mex_peso",5);
INSERT INTO face_values(value_id,denomination_id,value) VALUES("mex_peso_10","mex_peso",10);
INSERT INTO face_values(value_id,denomination_id,value) VALUES("mex_peso_20","mex_peso",20);
INSERT INTO face_values(value_id,denomination_id,value) VALUES("mex_peso_50","mex_peso",50);
INSERT INTO face_values(value_id,denomination_id,value,name,alternative_name_1) VALUES("gbr_britannia_fractional_1_10_oz","gbr_britannia",10,"1/10 oz britannia","1/10");
INSERT INTO face_values(value_id,denomination_id,value,name,alternative_name_1) VALUES("gbr_britannia_fractional_1_4_oz","gbr_britannia",25,"1/4 oz britannia","1/4");
INSERT INTO face_values(value_id,denomination_id,value,name,alternative_name_1) VALUES("gbr_britannia_fractional_1_2_oz","gbr_britannia",50,"1/2 oz britannia","1/2");
INSERT INTO face_values(value_id,denomination_id,value,name,alternative_name_1) VALUES("gbr_britannia_1 oz","gbr_britannia",100,"1 oz britannia","1");
INSERT INTO face_values(value_id,denomination_id,value,name,alternative_name_1) VALUES("zaf_krugerrand_1_oz","zaf_krugerrand",1,"1 oz krugerrand","1");
INSERT INTO face_values(value_id,denomination_id,value,name,alternative_name_1) VALUES("zaf_krugerrand_fractional_1_2_oz","zaf_krugerrand",0.5,"1/2 oz krugerrand","1/2");
INSERT INTO face_values(value_id,denomination_id,value,name,alternative_name_1) VALUES("zaf_krugerrand_fractional_1_4_oz","zaf_krugerrand",0.25,"1/4 oz krugerrand","1/4");
INSERT INTO face_values(value_id,denomination_id,value,name,alternative_name_1) VALUES("zaf_krugerrand_fractional_1_10_oz","zaf_krugerrand",0.1,"1/10 oz krugerrand","1/10");

-- Coins
INSERT INTO coins(coin_id,face_value_id,gross_weight,fineness,precious_metal_weight,years,metal) VALUES('can_cent_5_1','can_cent_5',1.162,0.925,0.0346,'1858, 1859, 1860, 1861, 1862, 1863, 1864, 1865, 1866, 1867, 1868, 1869, 1870, 1871, 1872, 1873, 1874, 1875, 1876, 1877, 1878, 1879, 1880, 1881, 1882, 1883, 1884, 1885, 1886, 1887, 1888, 1889, 1890, 1891, 1892, 1893, 1894, 1895, 1896, 1897, 1898, 1899, 1900, 1901, 1902, 1903, 1904, 1905, 1906, 1907, 1908, 1909, 1910','ag');
INSERT INTO coins(coin_id,face_value_id,gross_weight,fineness,precious_metal_weight,years,metal) VALUES("can_cent_5_2","can_cent_5",1.1664,0.925,0.0347,"1910, 1911, 1912, 1913, 1914, 1915, 1916, 1917, 1918, 1919","ag");
INSERT INTO coins(coin_id,face_value_id,gross_weight,fineness,precious_metal_weight,years,metal) VALUES("can_cent_5_3","can_cent_5",1.1664,0.8,0.03,"1920, 1921, 1922, 1923, 1924, 1925, 1926, 1927, 1928, 1929, 1930, 1931, 1932, 1933, 1934, 1935, 1936, 1937, 1938, 1939, 1940, 1941, 1942, 1943, 1944, 1945, 1946, 1947, 1948, 1949, 1950, 1951, 1952, 1953, 1954, 1955, 1956, 1957, 1958, 1959, 1960, 1961, 1962, 1963, 1964, 1965, 1966, 1967","ag");
INSERT INTO coins(coin_id,face_value_id,gross_weight,fineness,precious_metal_weight,years,metal) VALUES("can_cent_1","can_cent_10",2.324,0.925,0.0691,"1858, 1859, 1860, 1861, 1862, 1863, 1864, 1865, 1866, 1867, 1868, 1869, 1870, 1871, 1872, 1873, 1874, 1875, 1876, 1877, 1878, 1879, 1880, 1881, 1882, 1883, 1884, 1885, 1886, 1887, 1888, 1889, 1890, 1891, 1892, 1893, 1894, 1895, 1896, 1897, 1898, 1899, 1900, 1901, 1902, 1903, 1904, 1905, 1906, 1907, 1908, 1909, 1910","ag");
INSERT INTO coins(coin_id,face_value_id,gross_weight,fineness,precious_metal_weight,years,metal) VALUES("can_cent_10_2","can_cent_10",2.3328,0.925,0.0694,"1910, 1911, 1912, 1913, 1914, 1915, 1916, 1917, 1918, 1919","ag");
INSERT INTO coins(coin_id,face_value_id,gross_weight,fineness,precious_metal_weight,years,metal) VALUES("can_cent_10_3","can_cent_10",2.3328,0.8,0.06,"1920, 1921, 1922, 1923, 1924, 1925, 1926, 1927, 1928, 1929, 1930, 1931, 1932, 1933, 1934, 1935, 1936, 1937, 1938, 1939, 1940, 1941, 1942, 1943, 1944, 1945, 1946, 1947, 1948, 1949, 1950, 1951, 1952, 1953, 1954, 1955, 1956, 1957, 1958, 1959, 1960, 1961, 1962, 1963, 1964, 1965, 1966, 1967","ag");
INSERT INTO coins(coin_id,face_value_id,gross_weight,fineness,precious_metal_weight,years,metal) VALUES("can_cent_20_1","can_cent_20",4.648,0.925,0.1382,"1858, 1859, 1860, 1861, 1862, 1863, 1864, 1865, 1866, 1867, 1868, 1869, 1870, 1871, 1872, 1873, 1874, 1875, 1876, 1877, 1878, 1879, 1880, 1881, 1882, 1883, 1884, 1885, 1886, 1887, 1888, 1889, 1890, 1891, 1892, 1893, 1894, 1895, 1896, 1897, 1898, 1899, 1900, 1901, 1902, 1903, 1904, 1905, 1906, 1907, 1908, 1909, 1910","ag");
INSERT INTO coins(coin_id,face_value_id,gross_weight,fineness,precious_metal_weight,years,metal) VALUES("can_cent_25_1","can_cent_25",5.81,0.925,0.1728,"1858, 1859, 1860, 1861, 1862, 1863, 1864, 1865, 1866, 1867, 1868, 1869, 1870, 1871, 1872, 1873, 1874, 1875, 1876, 1877, 1878, 1879, 1880, 1881, 1882, 1883, 1884, 1885, 1886, 1887, 1888, 1889, 1890, 1891, 1892, 1893, 1894, 1895, 1896, 1897, 1898, 1899, 1900, 1901, 1902, 1903, 1904, 1905, 1906, 1907, 1908, 1909, 1910","ag");
INSERT INTO coins(coin_id,face_value_id,gross_weight,fineness,precious_metal_weight,years,metal) VALUES("can_cent_25_2","can_cent_25",5.8319,0.925,0.1734,"1910, 1911, 1912, 1913, 1914, 1915, 1916, 1917, 1918, 1919","ag");
INSERT INTO coins(coin_id,face_value_id,gross_weight,fineness,precious_metal_weight,years,metal) VALUES("can_cent_25_3","can_cent_25",5.8319,0.8,0.15,"1920, 1921, 1922, 1923, 1924, 1925, 1926, 1927, 1928, 1929, 1930, 1931, 1932, 1933, 1934, 1935, 1936, 1937, 1938, 1939, 1940, 1941, 1942, 1943, 1944, 1945, 1946, 1947, 1948, 1949, 1950, 1951, 1952, 1953, 1954, 1955, 1956, 1957, 1958, 1959, 1960, 1961, 1962, 1963, 1964, 1965, 1966, 1967","ag");
INSERT INTO coins(coin_id,face_value_id,gross_weight,fineness,precious_metal_weight,years,metal) VALUES("can_cent_50_1","can_cent_50",11.62,0.925,0.3456,"1858, 1859, 1860, 1861, 1862, 1863, 1864, 1865, 1866, 1867, 1868, 1869, 1870, 1871, 1872, 1873, 1874, 1875, 1876, 1877, 1878, 1879, 1880, 1881, 1882, 1883, 1884, 1885, 1886, 1887, 1888, 1889, 1890, 1891, 1892, 1893, 1894, 1895, 1896, 1897, 1898, 1899, 1900, 1901, 1902, 1903, 1904, 1905, 1906, 1907, 1908, 1909, 1910","ag");
INSERT INTO coins(coin_id,face_value_id,gross_weight,fineness,precious_metal_weight,years,metal) VALUES("can_cent_50_2","can_cent_50",11.6638,0.925,0.3469,"1910, 1911, 1912, 1913, 1914, 1915, 1916, 1917, 1918, 1919","ag");
INSERT INTO coins(coin_id,face_value_id,gross_weight,fineness,precious_metal_weight,years,metal) VALUES("can_cent_50_3","can_cent_50",11.6638,0.8,0.3,"1920, 1921, 1922, 1923, 1924, 1925, 1926, 1927, 1928, 1929, 1930, 1931, 1932, 1933, 1934, 1935, 1936, 1937, 1938, 1939, 1940, 1941, 1942, 1943, 1944, 1945, 1946, 1947, 1948, 1949, 1950, 1951, 1952, 1953, 1954, 1955, 1956, 1957, 1958, 1959, 1960, 1961, 1962, 1963, 1964, 1965, 1966, 1967","ag");
INSERT INTO coins(coin_id,face_value_id,gross_weight,fineness,precious_metal_weight,years,metal) VALUES("can_dollar_1","can_dollar_1",23.3276,0.8,0.6,"1920, 1921, 1922, 1923, 1924, 1925, 1926, 1927, 1928, 1929, 1930, 1931, 1932, 1933, 1934, 1935, 1936, 1937, 1938, 1939, 1940, 1941, 1942, 1943, 1944, 1945, 1946, 1947, 1948, 1949, 1950, 1951, 1952, 1953, 1954, 1955, 1956, 1957, 1958, 1959, 1960, 1961, 1962, 1963, 1964, 1965, 1966, 1967","ag");
INSERT INTO coins(coin_id,face_value_id,gross_weight,fineness,precious_metal_weight,years,metal) VALUES("can_dollar_5_1","can_dollar_5",8.3591,0.9,0.2419,"1912, 1913, 1914","au");
INSERT INTO coins(coin_id,face_value_id,gross_weight,fineness,precious_metal_weight,years,metal) VALUES("can_dollar_10_1","can_dollar_10",16.7181,0.9,0.4837,"1912, 1913, 1914","au");
INSERT INTO coins(coin_id,face_value_id,gross_weight,fineness,precious_metal_weight,years,metal) VALUES("can_sovereign_1_1","can_sovereign_1",7.9881,0.917,0.2354,"1908, 1909, 1910, 1911, 1912, 1913, 1914, 1915, 1916, 1917, 1918, 1919","au");
INSERT INTO coins(coin_id,face_value_id,gross_weight,fineness,precious_metal_weight,years,metal,name) VALUES("can_maple_1_oz_1","can_maple_1_oz",31.11,0.9999,1.0,"1988, 1989, 1990, 1991, 1992, 1993, 1994, 1995, 1996, 1997, 1998, 1999, 2000, 2001, 2002, 2003, 2004, 2005, 2006, 2007, 2008, 2009, 2010, 2011, 2012, 2013, 2014, 2015, 2016, 2017, 2018, 2019, 2020, 2021, 2022, 2023, 2024, 2025","ag","silver");
INSERT INTO coins(coin_id,face_value_id,gross_weight,fineness,precious_metal_weight,years,metal,name) VALUES("can_maple_1_oz_2","can_maple_1_oz",31.11,0.9999,1.0,"1979, 1980, 1981, 1982, 1983, 1984, 1985, 1986, 1987, 1988, 1989, 1990, 1991, 1992, 1993, 1994, 1995, 1996, 1997, 1998, 1999, 2000, 2001, 2002, 2003, 2004, 2005, 2006, 2007, 2008, 2009, 2010, 2011, 2012, 2013, 2014, 2015, 2016, 2017, 2018, 2019, 2020, 2021, 2022, 2023, 2024, 2025","au","gold");
INSERT INTO coins(coin_id,face_value_id,gross_weight,fineness,precious_metal_weight,years,metal,name) VALUES("can_maple_fractional_1_2_oz_1","can_maple_fractional_1_2_oz",15.555,0.9999,0.5,"1986, 1987, 1988, 1989, 1990, 1991, 1992, 1993, 1994, 1995, 1996, 1997, 1998, 1999, 2000, 2001, 2002, 2003, 2004, 2005, 2006, 2007, 2008, 2009, 2010, 2011, 2012, 2013, 2014, 2015, 2016, 2017, 2018, 2019, 2020, 2021, 2022, 2023, 2024, 2025","au","gold");
INSERT INTO coins(coin_id,face_value_id,gross_weight,fineness,precious_metal_weight,years,metal,name) VALUES("can_maple_fractional_1_4_oz_1","can_maple_fractional_1_4_oz",7.7775,0.9999,0.25,"1982, 1983, 1984, 1985, 1986, 1987, 1988, 1989, 1990, 1991, 1992, 1993, 1994, 1995, 1996, 1997, 1998, 1999, 2000, 2001, 2002, 2003, 2004, 2005, 2006, 2007, 2008, 2009, 2010, 2011, 2012, 2013, 2014, 2015, 2016, 2017, 2018, 2019, 2020, 2021, 2022, 2023, 2024, 2025","au","gold");
INSERT INTO coins(coin_id,face_value_id,gross_weight,fineness,precious_metal_weight,years,metal,name) VALUES("can_maple_fractional_1_10_oz_1","can_maple_fractional_1_10_oz",3.111,0.9999,0.1,"1982, 1983, 1984, 1985, 1986, 1987, 1988, 1989, 1990, 1991, 1992, 1993, 1994, 1995, 1996, 1997, 1998, 1999, 2000, 2001, 2002, 2003, 2004, 2005, 2006, 2007, 2008, 2009, 2010, 2011, 2012, 2013, 2014, 2015, 2016, 2017, 2018, 2019, 2020, 2021, 2022, 2023, 2024, 2025","au","gold");
INSERT INTO coins(coin_id,face_value_id,gross_weight,fineness,precious_metal_weight,years,metal,name) VALUES("can_maple_fractional_1_20_oz_1","can_maple_fractional_1_20_oz",1.5555,0.9999,0.05,"1993, 1994, 1995, 1996, 1997, 1998, 1999, 2000, 2001, 2002, 2003, 2004, 2005, 2006, 2007, 2008, 2009, 2010, 2011, 2012, 2013, 2014, 2015, 2016, 2017, 2018, 2019, 2020, 2021, 2022, 2023, 2024, 2025","au","gold");
INSERT INTO coins(coin_id,face_value_id,gross_weight,fineness,precious_metal_weight,years,metal,name) VALUES("can_maple_1_gram_1","can_maple_1_gram",1.0,0.9999,0.03215075,"2024, 2025","au","gold");
INSERT INTO coins(coin_id,face_value_id,gross_weight,fineness,precious_metal_weight,years,metal,name) VALUES("can_maple_1_oz_3","can_maple_1_oz",31.11,0.9999,1.0,"2009, 2010, 2011, 2012, 2013, 2014, 2015, 2016, 2017, 2018, 2019, 2020, 2021, 2022, 2023, 2024, 2025","pt","platinum");
INSERT INTO coins(coin_id,face_value_id,gross_weight,fineness,precious_metal_weight,years,metal,name) VALUES("can_maple_1_oz_4","can_maple_1_oz",31.11,0.9995,1.0,"1988, 1989, 1990, 1991, 1992, 1993, 1994, 1995, 1996, 1997, 1998, 1999, 2000, 2001, 2002","pt","platinum (old purity)");
INSERT INTO coins(coin_id,face_value_id,gross_weight,fineness,precious_metal_weight,years,metal,name) VALUES("can_maple_fractional_1_2_oz_2","can_maple_fractional_1_2_oz",15.555,0.9995,0.5,"1988, 1989, 1990, 1991, 1992, 1993, 1994, 1995, 1996, 1997, 1998, 1999, 2000, 2001, 2002","pt","platinum (old purity)");
INSERT INTO coins(coin_id,face_value_id,gross_weight,fineness,precious_metal_weight,years,metal,name) VALUES("can_maple_fractional_1_4_oz_2","can_maple_fractional_1_4_oz",7.7775,0.9995,0.25,"1988, 1989, 1990, 1991, 1992, 1993, 1994, 1995, 1996, 1997, 1998, 1999, 2000, 2001, 2002","pt","platinum (old purity)");
INSERT INTO coins(coin_id,face_value_id,gross_weight,fineness,precious_metal_weight,years,metal,name) VALUES("can_maple_fractional_1_10_oz_2","can_maple_fractional_1_10_oz",3.111,0.9995,0.1,"1988, 1989, 1990, 1991, 1992, 1993, 1994, 1995, 1996, 1997, 1998, 1999, 2000, 2001, 2002","pt","platinum (old purity)");
INSERT INTO coins(coin_id,face_value_id,gross_weight,fineness,precious_metal_weight,years,metal,name) VALUES("can_maple_fractional_1_20_oz_2","can_maple_fractional_1_20_oz",1.5555,0.9995,0.05,"1993, 1994, 1995, 1996, 1997, 1998, 1999, 2000, 2001, 2002","pt","platinum (old purity)");
INSERT INTO coins(coin_id,face_value_id,gross_weight,fineness,precious_metal_weight,years,metal,name) VALUES("can_maple_1_oz_5","can_maple_1_oz",31.11,0.9995,1.0,"2005, 2006, 2009, 2015, 2016, 2017, 2018, 2019, 2020, 2021, 2022, 2023, 2024, 2025","pd","palladium");
INSERT INTO coins(coin_id,face_value_id,gross_weight,fineness,precious_metal_weight,years,metal) VALUES("fra_centime_20_1","fra_centime_20",1.0,0.9,0.0289,"1848, 1849, 1850, 1851, 1852, 1853, 1854, 1855, 1856, 1857, 1858, 1859, 1860, 1861, 1862, 1863, 1864, 1865, 1866, 1867, 1868, 1869, 1870, 1871, 1872, 1873, 1874, 1875, 1876, 1877, 1878, 1879, 1880, 1881, 1882, 1883, 1884, 1885, 1886, 1887, 1888, 1889, 1890, 1891, 1892, 1893, 1894, 1895, 1896, 1897, 1898, 1899, 1900, 1901, 1902, 1903, 1904, 1905, 1906, 1907, 1908, 1909, 1910, 1911, 1912, 1913, 1914, 1915, 1916, 1917, 1918, 1919, 1920","ag");
INSERT INTO coins(coin_id,face_value_id,gross_weight,fineness,precious_metal_weight,years,metal) VALUES("fra_centime_50_1","fra_centime_50",2.5,0.9,0.0723,"1848, 1849, 1850, 1851, 1852, 1853, 1854, 1855, 1856, 1857, 1858, 1859, 1860, 1861, 1862, 1863, 1864, 1865, 1866","ag");
INSERT INTO coins(coin_id,face_value_id,gross_weight,fineness,precious_metal_weight,years,metal) VALUES("fra_centime_50_2","fra_centime_50",2.5,0.835,0.0671,"1866, 1867, 1868, 1869, 1870, 1871, 1872, 1873, 1874, 1875, 1876, 1877, 1878, 1879, 1880, 1881, 1882, 1883, 1884, 1885, 1886, 1887, 1888, 1889, 1890, 1891, 1892, 1893, 1894, 1895, 1896, 1897, 1898, 1899, 1900, 1901, 1902, 1903, 1904, 1905, 1906, 1907, 1908, 1909, 1910, 1911, 1912, 1913, 1914, 1915, 1916, 1917, 1918, 1919, 1920","ag");
INSERT INTO coins(coin_id,face_value_id,gross_weight,fineness,precious_metal_weight,years,metal) VALUES("fra_franc_1_1","fra_franc_1",5.0,0.9,0.1447,"1848, 1849, 1850, 1851, 1852, 1853, 1854, 1855, 1856, 1857, 1858, 1859, 1860, 1861, 1862, 1863, 1864, 1865, 1866","ag");
INSERT INTO coins(coin_id,face_value_id,gross_weight,fineness,precious_metal_weight,years,metal) VALUES("fra_franc_1_2","fra_franc_1",5.0,0.835,0.1342,"1866, 1867, 1868, 1869, 1870, 1871, 1872, 1873, 1874, 1875, 1876, 1877, 1878, 1879, 1880, 1881, 1882, 1883, 1884, 1885, 1886, 1887, 1888, 1889, 1890, 1891, 1892, 1893, 1894, 1895, 1896, 1897, 1898, 1899, 1900, 1901, 1902, 1903, 1904, 1905, 1906, 1907, 1908, 1909, 1910, 1911, 1912, 1913, 1914, 1915, 1916, 1917, 1918, 1919, 1920","ag");
INSERT INTO coins(coin_id,face_value_id,gross_weight,fineness,precious_metal_weight,years,metal) VALUES("fra_franc_2_1","fra_franc_2",10.0,0.9,0.2894,"1848, 1849, 1850, 1851, 1852, 1853, 1854, 1855, 1856, 1857, 1858, 1859, 1860, 1861, 1862, 1863, 1864, 1865, 1866, 1867, 1868, 1869, 1870, 1871, 1872, 1873, 1874, 1875, 1876, 1877, 1878, 1879, 1880, 1881, 1882, 1883, 1884, 1885, 1886, 1887, 1888, 1889, 1890, 1891, 1892, 1893, 1894, 1895, 1896, 1897, 1898, 1899, 1900, 1901, 1902, 1903, 1904, 1905, 1906, 1907, 1908, 1909, 1910, 1911, 1912, 1913, 1914, 1915, 1916, 1917, 1918, 1919, 1920","ag");
INSERT INTO coins(coin_id,face_value_id,gross_weight,fineness,precious_metal_weight,years,metal) VALUES("fra_franc_5_1","fra_franc_5",25.0,0.9,0.7234,"1848, 1849, 1850, 1851, 1852, 1853, 1854, 1855, 1856, 1857, 1858, 1859, 1860, 1861, 1862, 1863, 1864, 1865, 1866, 1867, 1868, 1869, 1870, 1871, 1872, 1873, 1874, 1875, 1876, 1877, 1878, 1879, 1880, 1881, 1882, 1883, 1884, 1885, 1886, 1887, 1888, 1889, 1890, 1891, 1892, 1893, 1894, 1895, 1896, 1897, 1898, 1899, 1900, 1901, 1902, 1903, 1904, 1905, 1906, 1907, 1908, 1909, 1910, 1911, 1912, 1913, 1914, 1915, 1916, 1917, 1918, 1919, 1920","ag");
INSERT INTO coins(coin_id,face_value_id,gross_weight,fineness,precious_metal_weight,years,metal) VALUES("fra_franc_5_2","fra_franc_5",12.0,0.835,0.3222,"1960, 1961, 1962, 1963, 1964, 1965, 1966, 1967, 1968, 1969","ag");
INSERT INTO coins(coin_id,face_value_id,gross_weight,fineness,precious_metal_weight,years,metal) VALUES("fra_franc_5_3","fra_franc_5",1.6129,0.9,0.0467,"1848, 1849, 1850, 1851, 1852, 1853, 1854, 1855, 1856, 1857, 1858, 1859, 1860, 1861, 1862, 1863, 1864, 1865, 1866, 1867, 1868, 1869, 1870, 1871, 1872, 1873, 1874, 1875, 1876, 1877, 1878, 1879, 1880, 1881, 1882, 1883, 1884, 1885, 1886, 1887, 1888, 1889, 1890, 1891, 1892, 1893, 1894, 1895, 1896, 1897, 1898, 1899, 1900, 1901, 1902, 1903, 1904, 1905, 1906, 1907, 1908, 1909, 1910, 1911, 1912, 1913, 1914","au");
INSERT INTO coins(coin_id,face_value_id,gross_weight,fineness,precious_metal_weight,years,metal) VALUES("fra_franc_10_1","fra_franc_10",10.0,0.68,0.2186,"1929, 1930, 1931, 1932, 1933, 1934, 1937, 1938, 1939","ag");
INSERT INTO coins(coin_id,face_value_id,gross_weight,fineness,precious_metal_weight,years,metal) VALUES("fra_franc_10_2","fra_franc_10",3.2258,0.9,0.0933,"1848, 1849, 1850, 1851, 1852, 1853, 1854, 1855, 1856, 1857, 1858, 1859, 1860, 1861, 1862, 1863, 1864, 1865, 1866, 1867, 1868, 1869, 1870, 1871, 1872, 1873, 1874, 1875, 1876, 1877, 1878, 1879, 1880, 1881, 1882, 1883, 1884, 1885, 1886, 1887, 1888, 1889, 1890, 1891, 1892, 1893, 1894, 1895, 1896, 1897, 1898, 1899, 1900, 1901, 1902, 1903, 1904, 1905, 1906, 1907, 1908, 1909, 1910, 1911, 1912, 1913, 1914","au");
INSERT INTO coins(coin_id,face_value_id,gross_weight,fineness,precious_metal_weight,years,metal) VALUES("fra_franc_20_1","fra_franc_20",6.4516,0.9,0.1867,"1906, 1907, 1908, 1909, 1910, 1911, 1912, 1913, 1914","au");
INSERT INTO coins(coin_id,face_value_id,gross_weight,fineness,precious_metal_weight,years,metal) VALUES("fra_franc_20_2","fra_franc_20",20.0,0.68,0.4373,"1929, 1930, 1931, 1932, 1933, 1934, 1935, 1936, 1937, 1938, 1939","ag");
INSERT INTO coins(coin_id,face_value_id,gross_weight,fineness,precious_metal_weight,years,metal) VALUES("fra_franc_50_1","fra_franc_50",16.129,0.9,0.4667,"1848, 1849, 1850, 1851, 1852, 1853, 1854, 1855, 1856, 1857, 1858, 1859, 1860, 1861, 1862, 1863, 1864, 1865, 1866, 1867, 1868, 1869, 1870, 1871, 1872, 1873, 1874, 1875, 1876, 1877, 1878, 1879, 1880, 1881, 1882, 1883, 1884, 1885, 1886, 1887, 1888, 1889, 1890, 1891, 1892, 1893, 1894, 1895, 1896, 1897, 1898, 1899, 1900, 1901, 1902, 1903, 1904, 1905, 1906, 1907, 1908, 1909, 1910, 1911, 1912, 1913, 1914","au");
INSERT INTO coins(coin_id,face_value_id,gross_weight,fineness,precious_metal_weight,years,metal) VALUES("fra_franc_100_1","fra_franc_100",15.0,0.9,0.434,"1982, 1983, 1984, 1985, 1986, 1987, 1988, 1989, 1990, 1991, 1992, 1993, 1994, 1995, 1996, 1997, 1998, 1999, 2000","ag");
INSERT INTO coins(coin_id,face_value_id,gross_weight,fineness,precious_metal_weight,years,metal) VALUES("fra_franc_100_2","fra_franc_100",32.2581,0.9,0.9334,"1848, 1849, 1850, 1851, 1852, 1853, 1854, 1855, 1856, 1857, 1858, 1859, 1860, 1861, 1862, 1863, 1864, 1865, 1866, 1867, 1868, 1869, 1870, 1871, 1872, 1873, 1874, 1875, 1876, 1877, 1878, 1879, 1880, 1881, 1882, 1883, 1884, 1885, 1886, 1887, 1888, 1889, 1890, 1891, 1892, 1893, 1894, 1895, 1896, 1897, 1898, 1899, 1900, 1901, 1902, 1903, 1904, 1905, 1906, 1907, 1908, 1909, 1910, 1911, 1912, 1913, 1914","au");
INSERT INTO coins(coin_id,face_value_id,gross_weight,fineness,precious_metal_weight,years,metal) VALUES("fra_franc_100_3","fra_franc_100",6.55,0.9,0.1895,"1929, 1930, 1931, 1932, 1933, 1934, 1935, 1936","au");
INSERT INTO coins(coin_id,face_value_id,gross_weight,fineness,precious_metal_weight,years,metal) VALUES("deu_pfennig_20_1","deu_pfennig_20",1.1111,0.9,0.0322,"1873, 1874, 1875, 1876, 1877, 1878, 1879, 1880, 1881, 1882, 1883, 1884, 1885, 1886, 1887, 1888, 1889, 1890, 1891, 1892, 1893, 1894, 1895, 1896, 1897, 1898, 1899, 1900, 1901, 1902, 1903, 1904, 1905, 1906, 1907, 1908, 1909, 1910, 1911, 1912, 1913, 1914, 1915, 1916, 1917, 1918, 1919","ag");
INSERT INTO coins(coin_id,face_value_id,gross_weight,fineness,precious_metal_weight,years,metal) VALUES("deu_pfennig_50_1","deu_pfennig_50",2.7777,0.9,0.0804,"1873, 1874, 1875, 1876, 1877, 1878, 1879, 1880, 1881, 1882, 1883, 1884, 1885, 1886, 1887, 1888, 1889, 1890, 1891, 1892, 1893, 1894, 1895, 1896, 1897, 1898, 1899, 1900, 1901, 1902, 1903, 1904, 1905, 1906, 1907, 1908, 1909, 1910, 1911, 1912, 1913, 1914, 1915, 1916, 1917, 1918, 1919","ag");
INSERT INTO coins(coin_id,face_value_id,gross_weight,fineness,precious_metal_weight,years,metal) VALUES("deu_mark_1_1","deu_mark_1",5.5555,0.9,0.1608,"1873, 1874, 1875, 1876, 1877, 1878, 1879, 1880, 1881, 1882, 1883, 1884, 1885, 1886, 1887, 1888, 1889, 1890, 1891, 1892, 1893, 1894, 1895, 1896, 1897, 1898, 1899, 1900, 1901, 1902, 1903, 1904, 1905, 1906, 1907, 1908, 1909, 1910, 1911, 1912, 1913, 1914, 1915, 1916, 1917, 1918, 1919","ag");
INSERT INTO coins(coin_id,face_value_id,gross_weight,fineness,precious_metal_weight,years,metal) VALUES("deu_mark_1_2","deu_mark_1",5.0,0.5,0.0804,"1924, 1925, 1926, 1927, 1928, 1929, 1930, 1931, 1932, 1933","ag");
INSERT INTO coins(coin_id,face_value_id,gross_weight,fineness,precious_metal_weight,years,metal) VALUES("deu_mark_2_1","deu_mark_2",11.1111,0.9,0.3215,"1874, 1875, 1876, 1877, 1878, 1879, 1880, 1881, 1882, 1883, 1884, 1885, 1886, 1887, 1888, 1889, 1890, 1891, 1892, 1893, 1894, 1895, 1896, 1897, 1898, 1899, 1900, 1901, 1902, 1903, 1904, 1905, 1906, 1907, 1908, 1909, 1910, 1911, 1912, 1913, 1914, 1915, 1916, 1917, 1918","ag");
INSERT INTO coins(coin_id,face_value_id,gross_weight,fineness,precious_metal_weight,years,metal) VALUES("deu_mark_2_2","deu_mark_2",10.0,0.5,0.1608,"1924, 1925, 1926, 1927, 1928, 1929, 1930, 1931, 1932, 1933","ag");
INSERT INTO coins(coin_id,face_value_id,gross_weight,fineness,precious_metal_weight,years,metal) VALUES("deu_mark_2_3","deu_mark_2",8.0,0.625,0.1608,"1933, 1934, 1935, 1936, 1937, 1938, 1939","ag");
INSERT INTO coins(coin_id,face_value_id,gross_weight,fineness,precious_metal_weight,years,metal) VALUES("deu_mark_3_1","deu_mark_3",16.6666,0.9,0.4823,"1874, 1875, 1876, 1877, 1878, 1879, 1880, 1881, 1882, 1883, 1884, 1885, 1886, 1887, 1888, 1889, 1890, 1891, 1892, 1893, 1894, 1895, 1896, 1897, 1898, 1899, 1900, 1901, 1902, 1903, 1904, 1905, 1906, 1907, 1908, 1909, 1910, 1911, 1912, 1913, 1914, 1915, 1916, 1917, 1918","ag");
INSERT INTO coins(coin_id,face_value_id,gross_weight,fineness,precious_metal_weight,years,metal) VALUES("deu_mark_3_2","deu_mark_3",15.0,0.5,0.2411,"1924, 1925, 1926, 1927, 1928, 1929, 1930, 1931, 1932, 1933","ag");
INSERT INTO coins(coin_id,face_value_id,gross_weight,fineness,precious_metal_weight,years,metal) VALUES("deu_mark_5_1","deu_mark_5",27.7777,0.9,0.8038,"1874, 1875, 1876, 1877, 1878, 1879, 1880, 1881, 1882, 1883, 1884, 1885, 1886, 1887, 1888, 1889, 1890, 1891, 1892, 1893, 1894, 1895, 1896, 1897, 1898, 1899, 1900, 1901, 1902, 1903, 1904, 1905, 1906, 1907, 1908, 1909, 1910, 1911, 1912, 1913, 1914, 1915, 1916, 1917, 1918","ag");
INSERT INTO coins(coin_id,face_value_id,gross_weight,fineness,precious_metal_weight,years,metal) VALUES("deu_mark_5_2","deu_mark_5",1.9913,0.9,0.0576,"1871, 1872, 1873, 1874, 1875, 1876, 1877, 1878, 1879, 1880, 1881, 1882, 1883, 1884, 1885, 1886, 1887, 1888, 1889, 1890, 1891, 1892, 1893, 1894, 1895, 1896, 1897, 1898, 1899, 1900, 1901, 1902, 1903, 1904, 1905, 1906, 1907, 1908, 1909, 1910, 1911, 1912, 1913, 1914, 1915","au");
INSERT INTO coins(coin_id,face_value_id,gross_weight,fineness,precious_metal_weight,years,metal) VALUES("deu_mark_5_3","deu_mark_5",25.0,0.5,0.4019,"1924, 1925, 1926, 1927, 1928, 1929, 1930, 1931, 1932, 1933","ag");
INSERT INTO coins(coin_id,face_value_id,gross_weight,fineness,precious_metal_weight,years,metal) VALUES("deu_mark_5_4","deu_mark_5",13.8888,0.9,0.4019,"1933, 1934, 1935, 1936, 1937, 1938, 1939","ag");
INSERT INTO coins(coin_id,face_value_id,gross_weight,fineness,precious_metal_weight,years,metal) VALUES("deu_mark_10_1","deu_mark_10",3.9825,0.9,0.1152,"1871, 1872, 1873, 1874, 1875, 1876, 1877, 1878, 1879, 1880, 1881, 1882, 1883, 1884, 1885, 1886, 1887, 1888, 1889, 1890, 1891, 1892, 1893, 1894, 1895, 1896, 1897, 1898, 1899, 1900, 1901, 1902, 1903, 1904, 1905, 1906, 1907, 1908, 1909, 1910, 1911, 1912, 1913, 1914, 1915","au");
INSERT INTO coins(coin_id,face_value_id,gross_weight,fineness,precious_metal_weight,years,metal) VALUES("deu_mark_20_1","deu_mark_20",7.965,0.9,0.2305,"1871, 1872, 1873, 1874, 1875, 1876, 1877, 1878, 1879, 1880, 1881, 1882, 1883, 1884, 1885, 1886, 1887, 1888, 1889, 1890, 1891, 1892, 1893, 1894, 1895, 1896, 1897, 1898, 1899, 1900, 1901, 1902, 1903, 1904, 1905, 1906, 1907, 1908, 1909, 1910, 1911, 1912, 1913, 1914, 1915","au");
INSERT INTO coins(coin_id,face_value_id,gross_weight,fineness,precious_metal_weight,years,metal) VALUES("ita_centesimo_20_1","ita_centesimo_20",1.0,0.835,0.0268,"1863, 1864, 1865, 1866, 1867, 1868, 1869, 1870, 1871, 1872, 1873, 1874, 1875, 1876, 1877, 1878, 1879, 1880, 1881, 1882, 1883, 1884, 1885, 1886, 1887, 1888, 1889, 1890, 1891, 1892, 1893, 1894, 1895, 1896, 1897, 1898, 1899, 1900, 1901, 1902, 1903, 1904, 1905, 1906, 1907, 1908, 1909, 1910, 1911, 1912, 1913, 1914, 1915, 1916, 1917","ag");
INSERT INTO coins(coin_id,face_value_id,gross_weight,fineness,precious_metal_weight,years,metal) VALUES("ita_centesimo_50_1","ita_centesimo_50",2.5,0.835,0.0671,"1863, 1864, 1865, 1866, 1867, 1868, 1869, 1870, 1871, 1872, 1873, 1874, 1875, 1876, 1877, 1878, 1879, 1880, 1881, 1882, 1883, 1884, 1885, 1886, 1887, 1888, 1889, 1890, 1891, 1892, 1893, 1894, 1895, 1896, 1897, 1898, 1899, 1900, 1901, 1902, 1903, 1904, 1905, 1906, 1907, 1908, 1909, 1910, 1911, 1912, 1913, 1914, 1915, 1916, 1917","ag");
INSERT INTO coins(coin_id,face_value_id,gross_weight,fineness,precious_metal_weight,years,metal) VALUES("ita_lira_1_1","ita_lira_1",5.0,0.835,0.1342,"1863, 1864, 1865, 1866, 1867, 1868, 1869, 1870, 1871, 1872, 1873, 1874, 1875, 1876, 1877, 1878, 1879, 1880, 1881, 1882, 1883, 1884, 1885, 1886, 1887, 1888, 1889, 1890, 1891, 1892, 1893, 1894, 1895, 1896, 1897, 1898, 1899, 1900, 1901, 1902, 1903, 1904, 1905, 1906, 1907, 1908, 1909, 1910, 1911, 1912, 1913, 1914, 1915, 1916, 1917","ag");
INSERT INTO coins(coin_id,face_value_id,gross_weight,fineness,precious_metal_weight,years,metal) VALUES("ita_lira_2_1","ita_lira_2",10.0,0.835,0.2685,"1863, 1864, 1865, 1866, 1867, 1868, 1869, 1870, 1871, 1872, 1873, 1874, 1875, 1876, 1877, 1878, 1879, 1880, 1881, 1882, 1883, 1884, 1885, 1886, 1887, 1888, 1889, 1890, 1891, 1892, 1893, 1894, 1895, 1896, 1897, 1898, 1899, 1900, 1901, 1902, 1903, 1904, 1905, 1906, 1907, 1908, 1909, 1910, 1911, 1912, 1913, 1914, 1915, 1916, 1917","ag");
INSERT INTO coins(coin_id,face_value_id,gross_weight,fineness,precious_metal_weight,years,metal) VALUES("ita_lira_5_1","ita_lira_5",25.0,0.9,0.7234,"1863, 1864, 1865, 1866, 1867, 1868, 1869, 1870, 1871, 1872, 1873, 1874, 1875, 1876, 1877, 1878, 1879, 1880, 1881, 1882, 1883, 1884, 1885, 1886, 1887, 1888, 1889, 1890, 1891, 1892, 1893, 1894, 1895, 1896, 1897, 1898, 1899, 1900, 1901, 1902, 1903, 1904, 1905, 1906, 1907, 1908, 1909, 1910, 1911, 1912, 1913, 1914, 1915, 1916, 1917","ag");
INSERT INTO coins(coin_id,face_value_id,gross_weight,fineness,precious_metal_weight,years,metal) VALUES("ita_lira_5_2","ita_lira_5",5.0,0.835,0.1342,"1926, 1927, 1928, 1929, 1930, 1931, 1932, 1933, 1934, 1935, 1936, 1937, 1938, 1939, 1940, 1941","ag");
INSERT INTO coins(coin_id,face_value_id,gross_weight,fineness,precious_metal_weight,years,metal) VALUES("ita_lira_5_3","ita_lira_5",1.6129,0.9,0.0467,"1861, 1862, 1863, 1864, 1865, 1866, 1867, 1868, 1869, 1870, 1871, 1872, 1873, 1874, 1875, 1876, 1877, 1878, 1879, 1880, 1881, 1882, 1883, 1884, 1885, 1886, 1887, 1888, 1889, 1890, 1891, 1892, 1893, 1894, 1895, 1896, 1897, 1898, 1899, 1900, 1901, 1902, 1903, 1904, 1905, 1906, 1907, 1908, 1909, 1910, 1911, 1912, 1913, 1914, 1915, 1916, 1917, 1918, 1919, 1920, 1921, 1922, 1923, 1924, 1925, 1926, 1927","au");
INSERT INTO coins(coin_id,face_value_id,gross_weight,fineness,precious_metal_weight,years,metal) VALUES("ita_lira_10_1","ita_lira_10",10.0,0.835,0.2685,"1926, 1927, 1928, 1929, 1930, 1931, 1932, 1933, 1934, 1935, 1936, 1937, 1938, 1939, 1940, 1941","ag");
INSERT INTO coins(coin_id,face_value_id,gross_weight,fineness,precious_metal_weight,years,metal) VALUES("ita_lira_10_2","ita_lira_10",3.2258,0.9,0.0933,"1861, 1862, 1863, 1864, 1865, 1866, 1867, 1868, 1869, 1870, 1871, 1872, 1873, 1874, 1875, 1876, 1877, 1878, 1879, 1880, 1881, 1882, 1883, 1884, 1885, 1886, 1887, 1888, 1889, 1890, 1891, 1892, 1893, 1894, 1895, 1896, 1897, 1898, 1899, 1900, 1901, 1902, 1903, 1904, 1905, 1906, 1907, 1908, 1909, 1910, 1911, 1912, 1913, 1914, 1915, 1916, 1917, 1918, 1919, 1920, 1921, 1922, 1923, 1924, 1925, 1926, 1927","au");
INSERT INTO coins(coin_id,face_value_id,gross_weight,fineness,precious_metal_weight,years,metal) VALUES("ita_lira_20_1","ita_lira_20",15.0,0.8,0.3858,"1927, 1928, 1929, 1930, 1931, 1932, 1933, 1934","ag");
INSERT INTO coins(coin_id,face_value_id,gross_weight,fineness,precious_metal_weight,years,metal) VALUES("ita_lira_20_2","ita_lira_20",20.0,0.8,0.5144,"1936, 1937, 1938, 1939, 1940, 1941","ag");
INSERT INTO coins(coin_id,face_value_id,gross_weight,fineness,precious_metal_weight,years,metal) VALUES("ita_lira_20_3","ita_lira_20",6.4516,0.9,0.1867,"1861, 1862, 1863, 1864, 1865, 1866, 1867, 1868, 1869, 1870, 1871, 1872, 1873, 1874, 1875, 1876, 1877, 1878, 1879, 1880, 1881, 1882, 1883, 1884, 1885, 1886, 1887, 1888, 1889, 1890, 1891, 1892, 1893, 1894, 1895, 1896, 1897, 1898, 1899, 1900, 1901, 1902, 1903, 1904, 1905, 1906, 1907, 1908, 1909, 1910, 1911, 1912, 1913, 1914, 1915, 1916, 1917, 1918, 1919, 1920, 1921, 1922, 1923, 1924, 1925, 1926, 1927","au");
INSERT INTO coins(coin_id,face_value_id,gross_weight,fineness,precious_metal_weight,years,metal) VALUES("ita_lira_50_1","ita_lira_50",16.129,0.9,0.4667,"1861, 1862, 1863, 1864, 1865, 1866, 1867, 1868, 1869, 1870, 1871, 1872, 1873, 1874, 1875, 1876, 1877, 1878, 1879, 1880, 1881, 1882, 1883, 1884, 1885, 1886, 1887, 1888, 1889, 1890, 1891, 1892, 1893, 1894, 1895, 1896, 1897, 1898, 1899, 1900, 1901, 1902, 1903, 1904, 1905, 1906, 1907, 1908, 1909, 1910, 1911, 1912, 1913, 1914, 1915, 1916, 1917, 1918, 1919, 1920, 1921, 1922, 1923, 1924, 1925, 1926, 1927","au");
INSERT INTO coins(coin_id,face_value_id,gross_weight,fineness,precious_metal_weight,years,metal) VALUES("ita_lira_50_2","ita_lira_50",4.3995,0.9,0.1273,"1931, 1932, 1933, 1934, 1935, 1936","au");
INSERT INTO coins(coin_id,face_value_id,gross_weight,fineness,precious_metal_weight,years,metal) VALUES("ita_lira_100_1","ita_lira_100",32.2581,0.9,0.9334,"1861, 1862, 1863, 1864, 1865, 1866, 1867, 1868, 1869, 1870, 1871, 1872, 1873, 1874, 1875, 1876, 1877, 1878, 1879, 1880, 1881, 1882, 1883, 1884, 1885, 1886, 1887, 1888, 1889, 1890, 1891, 1892, 1893, 1894, 1895, 1896, 1897, 1898, 1899, 1900, 1901, 1902, 1903, 1904, 1905, 1906, 1907, 1908, 1909, 1910, 1911, 1912, 1913, 1914, 1915, 1916, 1917, 1918, 1919, 1920, 1921, 1922, 1923, 1924, 1925, 1926, 1927","au");
INSERT INTO coins(coin_id,face_value_id,gross_weight,fineness,precious_metal_weight,years,metal) VALUES("ita_lira_100_2","ita_lira_100",8.799,0.9,0.2546,"1931, 1932, 1933, 1934, 1935, 1936","au");
INSERT INTO coins(coin_id,face_value_id,gross_weight,fineness,precious_metal_weight,years,metal) VALUES("ita_lira_100_3","ita_lira_100",5.1966,0.9,0.1504,"1937","au");
INSERT INTO coins(coin_id,face_value_id,gross_weight,fineness,precious_metal_weight,years,metal) VALUES("ita_lira_500_1","ita_lira_500",11.0,0.835,0.2953,"1958, 1959, 1960, 1961, 1962, 1963, 1964, 1965, 1966, 1967, 1968, 1969, 1970, 1971, 1972, 1973, 1974, 1975, 1976, 1977, 1978, 1979, 1980, 1981, 1982, 1983, 1984, 1985, 1986, 1987, 1988, 1989, 1990, 1991, 1992, 1993, 1994, 1995, 1996, 1997, 1998, 1999, 2000, 2001","ag");
INSERT INTO coins(coin_id,face_value_id,gross_weight,fineness,precious_metal_weight,years,metal) VALUES("che_franc_fractional_1_2_1","che_franc_fractional_1_2",2.5,0.9,0.0723,"1850, 1851, 1852, 1853, 1854, 1855, 1856, 1857","ag");
INSERT INTO coins(coin_id,face_value_id,gross_weight,fineness,precious_metal_weight,years,metal) VALUES("che_franc_fractional_1_2_2","che_franc_fractional_1_2",5.0,0.8,0.1286,"1860, 1861","ag");
INSERT INTO coins(coin_id,face_value_id,gross_weight,fineness,precious_metal_weight,years,metal) VALUES("che_franc_fractional_1_2_3","che_franc_fractional_1_2",2.5,0.835,0.0671,"1874, 1875, 1876, 1877, 1878, 1879, 1880, 1881, 1882, 1883, 1884, 1885, 1886, 1887, 1888, 1889, 1890, 1891, 1892, 1893, 1894, 1895, 1896, 1897, 1898, 1899, 1900, 1901, 1902, 1903, 1904, 1905, 1906, 1907, 1908, 1909, 1910, 1911, 1912, 1913, 1914, 1915, 1916, 1917, 1918, 1919, 1920, 1921, 1922, 1923, 1924, 1925, 1926, 1927, 1928, 1929, 1930, 1931, 1932, 1933, 1934, 1935, 1936, 1937, 1938, 1939, 1940, 1941, 1942, 1943, 1944, 1945, 1946, 1947, 1948, 1949, 1950, 1951, 1952, 1953, 1954, 1955, 1956, 1957, 1958, 1959, 1960, 1961, 1962, 1963, 1964, 1965, 1966, 1967","ag");
INSERT INTO coins(coin_id,face_value_id,gross_weight,fineness,precious_metal_weight,years,metal) VALUES("che_franc_1_1","che_franc_1",5.0,0.9,0.1447,"1850, 1851, 1852, 1853, 1854, 1855, 1856, 1857","ag");
INSERT INTO coins(coin_id,face_value_id,gross_weight,fineness,precious_metal_weight,years,metal) VALUES("che_franc_1_2","che_franc_1",10.0,0.8,0.2572,"1860, 1861","ag");
INSERT INTO coins(coin_id,face_value_id,gross_weight,fineness,precious_metal_weight,years,metal) VALUES("che_franc_1_3","che_franc_1",5.0,0.835,0.1342,"1874, 1875, 1876, 1877, 1878, 1879, 1880, 1881, 1882, 1883, 1884, 1885, 1886, 1887, 1888, 1889, 1890, 1891, 1892, 1893, 1894, 1895, 1896, 1897, 1898, 1899, 1900, 1901, 1902, 1903, 1904, 1905, 1906, 1907, 1908, 1909, 1910, 1911, 1912, 1913, 1914, 1915, 1916, 1917, 1918, 1919, 1920, 1921, 1922, 1923, 1924, 1925, 1926, 1927, 1928, 1929, 1930, 1931, 1932, 1933, 1934, 1935, 1936, 1937, 1938, 1939, 1940, 1941, 1942, 1943, 1944, 1945, 1946, 1947, 1948, 1949, 1950, 1951, 1952, 1953, 1954, 1955, 1956, 1957, 1958, 1959, 1960, 1961, 1962, 1963, 1964, 1965, 1966, 1967","ag");
INSERT INTO coins(coin_id,face_value_id,gross_weight,fineness,precious_metal_weight,years,metal) VALUES("che_franc_2_1","che_franc_2",10.0,0.9,0.2894,"1850, 1851, 1852, 1853, 1854, 1855, 1856, 1857","ag");
INSERT INTO coins(coin_id,face_value_id,gross_weight,fineness,precious_metal_weight,years,metal) VALUES("che_franc_2_2","che_franc_2",10.0,0.835,0.2685,"1874, 1875, 1876, 1877, 1878, 1879, 1880, 1881, 1882, 1883, 1884, 1885, 1886, 1887, 1888, 1889, 1890, 1891, 1892, 1893, 1894, 1895, 1896, 1897, 1898, 1899, 1900, 1901, 1902, 1903, 1904, 1905, 1906, 1907, 1908, 1909, 1910, 1911, 1912, 1913, 1914, 1915, 1916, 1917, 1918, 1919, 1920, 1921, 1922, 1923, 1924, 1925, 1926, 1927, 1928, 1929, 1930, 1931, 1932, 1933, 1934, 1935, 1936, 1937, 1938, 1939, 1940, 1941, 1942, 1943, 1944, 1945, 1946, 1947, 1948, 1949, 1950, 1951, 1952, 1953, 1954, 1955, 1956, 1957, 1958, 1959, 1960, 1961, 1962, 1963, 1964, 1965, 1966, 1967","ag");
INSERT INTO coins(coin_id,face_value_id,gross_weight,fineness,precious_metal_weight,years,metal) VALUES("che_franc_5_1","che_franc_5",25.0,0.9,0.7234,"1850, 1851, 1852, 1853, 1854, 1855, 1856, 1857, 1858, 1859, 1860, 1861, 1862, 1863, 1864, 1865, 1866, 1867, 1868, 1869, 1870, 1871, 1872, 1873, 1874, 1875, 1876, 1877, 1878, 1879, 1880, 1881, 1882, 1883, 1884, 1885, 1886, 1887, 1888, 1889, 1890, 1891, 1892, 1893, 1894, 1895, 1896, 1897, 1898, 1899, 1900, 1901, 1902, 1903, 1904, 1905, 1906, 1907, 1908, 1909, 1910, 1911, 1912, 1913, 1914, 1915, 1916, 1917, 1918, 1919, 1920, 1921, 1922, 1923, 1924, 1925, 1926, 1927, 1928","ag");
INSERT INTO coins(coin_id,face_value_id,gross_weight,fineness,precious_metal_weight,years,metal) VALUES("che_franc_5_2","che_franc_5",15.0,0.835,0.4027,"1931, 1932, 1933, 1934, 1935, 1936, 1937, 1938, 1939, 1940, 1941, 1942, 1943, 1944, 1945, 1946, 1947, 1948, 1949, 1950, 1951, 1952, 1953, 1954, 1955, 1956, 1957, 1958, 1959, 1960, 1961, 1962, 1963, 1964, 1965, 1966, 1967, 1968, 1969","ag");
INSERT INTO coins(coin_id,face_value_id,gross_weight,fineness,precious_metal_weight,years,metal) VALUES("che_franc_10_1","che_franc_10",3.2258,0.9,0.0933,"1883, 1884, 1885, 1886, 1887, 1888, 1889, 1890, 1891, 1892, 1893, 1894, 1895, 1896, 1897, 1898, 1899, 1900, 1901, 1902, 1903, 1904, 1905, 1906, 1907, 1908, 1909, 1910, 1911, 1912, 1913, 1914, 1915, 1916, 1917, 1918, 1919, 1920, 1921, 1922, 1923, 1924, 1925, 1926, 1927, 1928, 1929, 1930, 1931, 1932, 1933, 1934, 1935, 1936, 1937, 1938, 1939, 1940, 1941, 1942, 1943, 1944, 1945, 1946, 1947, 1948, 1949","au");
INSERT INTO coins(coin_id,face_value_id,gross_weight,fineness,precious_metal_weight,years,metal) VALUES("che_franc_20_1","che_franc_20",6.4516,0.9,0.1867,"1883, 1884, 1885, 1886, 1887, 1888, 1889, 1890, 1891, 1892, 1893, 1894, 1895, 1896, 1897, 1898, 1899, 1900, 1901, 1902, 1903, 1904, 1905, 1906, 1907, 1908, 1909, 1910, 1911, 1912, 1913, 1914, 1915, 1916, 1917, 1918, 1919, 1920, 1921, 1922, 1923, 1924, 1925, 1926, 1927, 1928, 1929, 1930, 1931, 1932, 1933, 1934, 1935, 1936, 1937, 1938, 1939, 1940, 1941, 1942, 1943, 1944, 1945, 1946, 1947, 1948, 1949","au");
INSERT INTO coins(coin_id,face_value_id,gross_weight,fineness,precious_metal_weight,years,metal) VALUES("che_franc_100_1","che_franc_100",32.2581,0.9,0.9334,"1883, 1884, 1885, 1886, 1887, 1888, 1889, 1890, 1891, 1892, 1893, 1894, 1895, 1896, 1897, 1898, 1899, 1900, 1901, 1902, 1903, 1904, 1905, 1906, 1907, 1908, 1909, 1910, 1911, 1912, 1913, 1914, 1915, 1916, 1917, 1918, 1919, 1920, 1921, 1922, 1923, 1924, 1925, 1926, 1927, 1928, 1929, 1930, 1931, 1932, 1933, 1934, 1935, 1936, 1937, 1938, 1939, 1940, 1941, 1942, 1943, 1944, 1945, 1946, 1947, 1948, 1949","au");
INSERT INTO coins(coin_id,face_value_id,gross_weight,fineness,precious_metal_weight,years,metal) VALUES("che_franc_100_2","che_franc_100",25.9,0.9,0.7494,"1934","au");
INSERT INTO coins(coin_id,face_value_id,gross_weight,fineness,precious_metal_weight,years,metal) VALUES("che_franc_100_3","che_franc_100",17.5,0.9,0.5064,"1939","au");
INSERT INTO coins(coin_id,face_value_id,gross_weight,fineness,precious_metal_weight,years,metal,name) VALUES("usa_cent_10_1","usa_cent_10",2.5,0.9,0.0723,"1892, 1893, 1894, 1895, 1896, 1897, 1898, 1899, 1900, 1901, 1902, 1903, 1904, 1905, 1906, 1907, 1908, 1909, 1910, 1911, 1912, 1913, 1914, 1915, 1916","ag","barber dime");
INSERT INTO coins(coin_id,face_value_id,gross_weight,fineness,precious_metal_weight,years,metal,name) VALUES("usa_cent_10_2","usa_cent_10",2.5,0.9,0.0723,"1916, 1917, 1918, 1919, 1920, 1921, 1923, 1924, 1925, 1926, 1927, 1928, 1929, 1930, 1931, 1934, 1935, 1936, 1937, 1938, 1939, 1940, 1941, 1942, 1943, 1944, 1945","ag","mercury dime");
INSERT INTO coins(coin_id,face_value_id,gross_weight,fineness,precious_metal_weight,years,metal,name) VALUES("usa_cent_10_3","usa_cent_10",2.5,0.9,0.0723,"1946, 1947, 1948, 1949, 1950, 1951, 1952, 1953, 1954, 1955, 1956, 1957, 1958, 1959, 1960, 1961, 1962, 1963, 1964","ag","roosevelt dime");
INSERT INTO coins(coin_id,face_value_id,gross_weight,fineness,precious_metal_weight,years,metal,name) VALUES("usa_cent_25_1","usa_cent_25",6.25,0.9,0.1808,"1892, 1893, 1894, 1895, 1896, 1897, 1898, 1899, 1900, 1901, 1902, 1903, 1904, 1905, 1906, 1907, 1908, 1909, 1910, 1911, 1912, 1913, 1914, 1915, 1916","ag","barber quarter");
INSERT INTO coins(coin_id,face_value_id,gross_weight,fineness,precious_metal_weight,years,metal,name) VALUES("usa_cent_25_2","usa_cent_25",6.25,0.9,0.1808,"1916, 1917, 1918, 1919, 1920, 1921, 1923, 1924, 1925, 1926, 1927, 1928, 1929, 1930","ag","standing liberty quarter");
INSERT INTO coins(coin_id,face_value_id,gross_weight,fineness,precious_metal_weight,years,metal,name) VALUES("usa_cent_25_3","usa_cent_25",6.25,0.9,0.1808,"1932, 1934, 1935, 1936, 1937, 1938, 1939, 1940, 1941, 1942, 1943, 1944, 1945, 1946, 1947, 1948, 1949, 1950, 1951, 1952, 1953, 1954, 1955, 1956, 1957, 1958, 1959, 1960, 1961, 1962, 1963, 1964","ag","washington quarter");
INSERT INTO coins(coin_id,face_value_id,gross_weight,fineness,precious_metal_weight,years,metal,name) VALUES("usa_cent_50_1","usa_cent_50",12.5,0.9,0.3617,"1916, 1917, 1918, 1919, 1920, 1921, 1923, 1927, 1928, 1929, 1933, 1934, 1935, 1936, 1937, 1938, 1939, 1940, 1941, 1942, 1943, 1944, 1945, 1946, 1947","ag","walking liberty half");
INSERT INTO coins(coin_id,face_value_id,gross_weight,fineness,precious_metal_weight,years,metal,name) VALUES("usa_cent_50_2","usa_cent_50",12.5,0.9,0.3617,"1948, 1949, 1950, 1951, 1952, 1953, 1954, 1955, 1956, 1957, 1958, 1959, 1960, 1961, 1962, 1963","ag","benjamin half");
INSERT INTO coins(coin_id,face_value_id,gross_weight,fineness,precious_metal_weight,years,metal,name) VALUES("usa_cent_50_3","usa_cent_50",12.5,0.9,0.3617,"1964","ag","90% kennedy half");
INSERT INTO coins(coin_id,face_value_id,gross_weight,fineness,precious_metal_weight,years,metal,name) VALUES("usa_cent_50_4","usa_cent_50",11.5,0.4,0.1479,"1965, 1966, 1967, 1968, 1969, 1970","ag","40% kennedy half");
INSERT INTO coins(coin_id,face_value_id,gross_weight,fineness,precious_metal_weight,years,metal,name) VALUES("usa_dollar_1_1","usa_dollar_1",26.73,0.9,0.7735,"1878, 1879, 1880, 1881, 1882, 1883, 1884, 1885, 1886, 1887, 1888, 1889, 1890, 1891, 1892, 1893, 1894, 1895, 1896, 1897, 1898, 1899, 1900, 1901, 1902, 1903, 1904, 1921","ag","morgan dollar");
INSERT INTO coins(coin_id,face_value_id,gross_weight,fineness,precious_metal_weight,years,metal,name) VALUES("usa_dollar_1_2","usa_dollar_1",26.73,0.9,0.7735,"1921, 1922, 1923, 1924, 1925, 1926, 1927, 1928, 1934, 1935","ag","peace dollar");
INSERT INTO coins(coin_id,face_value_id,gross_weight,fineness,precious_metal_weight,years,metal,name) VALUES("usa_bullion_fractional_1_10_oz_1","usa_bullion_fractional_1_10_oz",3.393,0.9167,0.1,"1986, 1987, 1988, 1989, 1990, 1991, 1992, 1993, 1994, 1995, 1996, 1997, 1998, 1999, 2000, 2001, 2002, 2003, 2004, 2005, 2006, 2007, 2008, 2009, 2010, 2011, 2012, 2013, 2014, 2015, 2016, 2017, 2018, 2019, 2020, 2021, 2022, 2023, 2024, 2025","au","gold eagle");
INSERT INTO coins(coin_id,face_value_id,gross_weight,fineness,precious_metal_weight,years,metal,name) VALUES("usa_bullion_fractional_1_10_oz_2","usa_bullion_fractional_1_10_oz",3.11,0.9999,0.1,"2008","au","gold buffalo");
INSERT INTO coins(coin_id,face_value_id,gross_weight,fineness,precious_metal_weight,years,metal,name) VALUES("usa_bullion_fractional_1_10_oz_3","usa_bullion_fractional_1_10_oz",3.11,0.9995,0.1,"1997, 1998, 1999, 2000, 2001, 2002, 2003, 2004, 2005, 2006, 2007, 2008","pt","platinum eagle");
INSERT INTO coins(coin_id,face_value_id,gross_weight,fineness,precious_metal_weight,years,metal,name) VALUES("usa_bullion_fractional_1_4_oz_1","usa_bullion_fractional_1_4_oz",8.483,0.9167,0.25,"1986, 1987, 1988, 1989, 1990, 1991, 1992, 1993, 1994, 1995, 1996, 1997, 1998, 1999, 2000, 2001, 2002, 2003, 2004, 2005, 2006, 2007, 2008, 2009, 2010, 2011, 2012, 2013, 2014, 2015, 2016, 2017, 2018, 2019, 2020, 2021, 2022, 2023, 2024, 2025","au","gold eagle");
INSERT INTO coins(coin_id,face_value_id,gross_weight,fineness,precious_metal_weight,years,metal,name) VALUES("usa_bullion_fractional_1_4_oz_2","usa_bullion_fractional_1_4_oz",7.776,0.9999,0.25,"2008","au","gold buffalo");
INSERT INTO coins(coin_id,face_value_id,gross_weight,fineness,precious_metal_weight,years,metal,name) VALUES("usa_bullion_fractional_1_4_oz_3","usa_bullion_fractional_1_4_oz",7.778,0.9995,0.25,"1997, 1998, 1999, 2000, 2001, 2002, 2003, 2004, 2005, 2006, 2007, 2008","pt","platinum eagle");
INSERT INTO coins(coin_id,face_value_id,gross_weight,fineness,precious_metal_weight,years,metal,name) VALUES("usa_bullion_fractional_1_2_oz_1","usa_bullion_fractional_1_2_oz",16.965,0.9167,0.5,"1986, 1987, 1988, 1989, 1990, 1991, 1992, 1993, 1994, 1995, 1996, 1997, 1998, 1999, 2000, 2001, 2002, 2003, 2004, 2005, 2006, 2007, 2008, 2009, 2010, 2011, 2012, 2013, 2014, 2015, 2016, 2017, 2018, 2019, 2020, 2021, 2022, 2023, 2024, 2025","au","gold eagle");
INSERT INTO coins(coin_id,face_value_id,gross_weight,fineness,precious_metal_weight,years,metal,name) VALUES("usa_bullion_fractional_1_2_oz_2","usa_bullion_fractional_1_2_oz",15.552,0.9999,0.5,"2008","au","gold buffalo");
INSERT INTO coins(coin_id,face_value_id,gross_weight,fineness,precious_metal_weight,years,metal,name) VALUES("usa_bullion_fractional_1_2_oz_3","usa_bullion_fractional_1_2_oz",15.56,0.9995,0.5,"1997, 1998, 1999, 2000, 2001, 2002, 2003, 2004, 2005, 2006, 2007, 2008","pt","platinum eagle");
INSERT INTO coins(coin_id,face_value_id,gross_weight,fineness,precious_metal_weight,years,metal,name) VALUES("usa_bullion_1_oz_1","usa_bullion_1_oz",33.931,0.9167,1.0,"1986, 1987, 1988, 1989, 1990, 1991, 1992, 1993, 1994, 1995, 1996, 1997, 1998, 1999, 2000, 2001, 2002, 2003, 2004, 2005, 2006, 2007, 2008, 2009, 2010, 2011, 2012, 2013, 2014, 2015, 2016, 2017, 2018, 2019, 2020, 2021, 2022, 2023, 2024, 2025","au","gold eagle");
INSERT INTO coins(coin_id,face_value_id,gross_weight,fineness,precious_metal_weight,years,metal,name) VALUES("usa_bullion_1_oz_2","usa_bullion_1_oz",31.11,0.9999,1.0,"2006, 2007, 2008, 2009, 2010, 2011, 2012, 2013, 2014, 2015, 2016, 2017, 2018, 2019, 2020, 2021, 2022, 2023, 2024, 2025","au","gold buffalo");
INSERT INTO coins(coin_id,face_value_id,gross_weight,fineness,precious_metal_weight,years,metal,name) VALUES("usa_bullion_1_oz_3","usa_bullion_1_oz",31.12,0.9995,1.0,"1997, 1998, 1999, 2000, 2001, 2002, 2003, 2004, 2005, 2006, 2007, 2008, 2009, 2010, 2011, 2012, 2013, 2014, 2015, 2016, 2017, 2018, 2019, 2020, 2021, 2022, 2023, 2024, 2025","pt","platinum eagle");
INSERT INTO coins(coin_id,face_value_id,gross_weight,fineness,precious_metal_weight,years,metal,name) VALUES("usa_bullion_1_oz_4","usa_bullion_1_oz",31.12,0.9995,1.0,"2017, 2018, 2019, 2020, 2021, 2022, 2023, 2024, 2025","pd","palladium eagle");
INSERT INTO coins(coin_id,face_value_id,gross_weight,fineness,precious_metal_weight,years,metal) VALUES("rus_kopek_5_1","rus_kopek_5",1.0366,0.868,0.0289,"1855, 1856, 1857, 1858","ag");
INSERT INTO coins(coin_id,face_value_id,gross_weight,fineness,precious_metal_weight,years,metal) VALUES("rus_kopek_5_2","rus_kopek_5",1.0366,0.75,0.025,"1859, 1860, 1861, 1862, 1863, 1864, 1865, 1866","ag");
INSERT INTO coins(coin_id,face_value_id,gross_weight,fineness,precious_metal_weight,years,metal) VALUES("rus_kopek_5_3","rus_kopek_5",0.8998,0.5,0.0145,"1867, 1868, 1869, 1870, 1871, 1872, 1873, 1874, 1875, 1876, 1877, 1878, 1879, 1880, 1881, 1882, 1883, 1884, 1885, 1886, 1887, 1888, 1889, 1890, 1891, 1892, 1893, 1894, 1895, 1896, 1897, 1898, 1899, 1900, 1901, 1902, 1903, 1904, 1905, 1906, 1907, 1908, 1909, 1910, 1911, 1912, 1913, 1914, 1915, 1916, 1917, 1918, 1919, 1920, 1921, 1922, 1923, 1924, 1925, 1926, 1927, 1928, 1929, 1930, 1931","ag");
INSERT INTO coins(coin_id,face_value_id,gross_weight,fineness,precious_metal_weight,years,metal) VALUES("rus_kopek_10_1","rus_kopek_10",2.07,0.868,0.0578,"1855, 1856, 1857, 1858","ag");
INSERT INTO coins(coin_id,face_value_id,gross_weight,fineness,precious_metal_weight,years,metal) VALUES("rus_kopek_10_2","rus_kopek_10",2.0732,0.75,0.05,"1859, 1860, 1861, 1862, 1863, 1864, 1865, 1866","ag");
INSERT INTO coins(coin_id,face_value_id,gross_weight,fineness,precious_metal_weight,years,metal) VALUES("rus_kopek_10_3","rus_kopek_10",1.7996,0.5,0.0289,"1867, 1868, 1869, 1870, 1871, 1872, 1873, 1874, 1875, 1876, 1877, 1878, 1879, 1880, 1881, 1882, 1883, 1884, 1885, 1886, 1887, 1888, 1889, 1890, 1891, 1892, 1893, 1894, 1895, 1896, 1897, 1898, 1899, 1900, 1901, 1902, 1903, 1904, 1905, 1906, 1907, 1908, 1909, 1910, 1911, 1912, 1913, 1914, 1915, 1916, 1917, 1918, 1919, 1920, 1921, 1922, 1923, 1924, 1925, 1926, 1927, 1928, 1929, 1930, 1931","ag");
INSERT INTO coins(coin_id,face_value_id,gross_weight,fineness,precious_metal_weight,years,metal) VALUES("rus_kopek_15_1","rus_kopek_15",3.1097,0.75,0.075,"1859, 1860, 1861, 1862, 1863, 1864, 1865, 1866","ag");
INSERT INTO coins(coin_id,face_value_id,gross_weight,fineness,precious_metal_weight,years,metal) VALUES("rus_kopek_15_2","rus_kopek_15",2.6994,0.5,0.0434,"1867, 1868, 1869, 1870, 1871, 1872, 1873, 1874, 1875, 1876, 1877, 1878, 1879, 1880, 1881, 1882, 1883, 1884, 1885, 1886, 1887, 1888, 1889, 1890, 1891, 1892, 1893, 1894, 1895, 1896, 1897, 1898, 1899, 1900, 1901, 1902, 1903, 1904, 1905, 1906, 1907, 1908, 1909, 1910, 1911, 1912, 1913, 1914, 1915, 1916, 1917, 1918, 1919, 1920, 1921, 1922, 1923, 1924, 1925, 1926, 1927, 1928, 1929, 1930, 1931","ag");
INSERT INTO coins(coin_id,face_value_id,gross_weight,fineness,precious_metal_weight,years,metal) VALUES("rus_kopek_20_1","rus_kopek_20",4.1463,0.868,0.1157,"1855, 1856, 1857, 1858","ag");
INSERT INTO coins(coin_id,face_value_id,gross_weight,fineness,precious_metal_weight,years,metal) VALUES("rus_kopek_20_2","rus_kopek_20",4.1463,0.75,0.1,"1859, 1860, 1861, 1862, 1863, 1864, 1865, 1866","ag");
INSERT INTO coins(coin_id,face_value_id,gross_weight,fineness,precious_metal_weight,years,metal) VALUES("rus_kopek_20_3","rus_kopek_20",3.5992,0.5,0.0579,"1867, 1868, 1869, 1870, 1871, 1872, 1873, 1874, 1875, 1876, 1877, 1878, 1879, 1880, 1881, 1882, 1883, 1884, 1885, 1886, 1887, 1888, 1889, 1890, 1891, 1892, 1893, 1894, 1895, 1896, 1897, 1898, 1899, 1900, 1901, 1902, 1903, 1904, 1905, 1906, 1907, 1908, 1909, 1910, 1911, 1912, 1913,1914, 1915, 1916, 1917, 1918, 1919, 1920, 1921, 1922, 1923, 1924, 1925, 1926, 1927, 1928, 1929, 1930, 1931","ag");
INSERT INTO coins(coin_id,face_value_id,gross_weight,fineness,precious_metal_weight,years,metal) VALUES("rus_kopek_25_1","rus_kopek_25",5.183,0.868,0.1446,"1855, 1856, 1857, 1858","ag");
INSERT INTO coins(coin_id,face_value_id,gross_weight,fineness,precious_metal_weight,years,metal) VALUES("rus_kopek_25_2","rus_kopek_25",5.1829,0.868,0.1446,"1859, 1860, 1861, 1862, 1863, 1864, 1865, 1866, 1867, 1868, 1869, 1870, 1871, 1872, 1873, 1874, 1875, 1876, 1877, 1878, 1879, 1880, 1881, 1882, 1883, 1884, 1885","ag");
INSERT INTO coins(coin_id,face_value_id,gross_weight,fineness,precious_metal_weight,years,metal) VALUES("rus_kopek_25_3","rus_kopek_25",4.9987,0.9,0.1446,"1886, 1887, 1888, 1889, 1890, 1891, 1892, 1893, 1894, 1895, 1896, 1897, 1898, 1899, 1900, 1901, 1902, 1903, 1904, 1905, 1906, 1907, 1908, 1909, 1910, 1911, 1912, 1913, 1914, 1915, 1916, 1917, 1918, 1919, 1920, 1921, 1922, 1923, 1924, 1925, 1926, 1927, 1928, 1929, 1930, 1931","ag");
INSERT INTO coins(coin_id,face_value_id,gross_weight,fineness,precious_metal_weight,years,metal) VALUES("rus_kopek_50_1","rus_kopek_50",10.3658,0.868,0.2893,"1859, 1860, 1861, 1862, 1863, 1864, 1865, 1866, 1867, 1868, 1869, 1870, 1871, 1872, 1873, 1874, 1875, 1876, 1877, 1878, 1879, 1880, 1881, 1882, 1883, 1884, 1885","ag");
INSERT INTO coins(coin_id,face_value_id,gross_weight,fineness,precious_metal_weight,years,metal) VALUES("rus_kopek_50_2","rus_kopek_50",9.9979,0.9,0.2893,"1886, 1887, 1888, 1889, 1890, 1891, 1892, 1893, 1894, 1895, 1896, 1897, 1898, 1899, 1900, 1901, 1902, 1903, 1904, 1905, 1906, 1907, 1908, 1909, 1910, 1911, 1912, 1913, 1914, 1915, 1916, 1917, 1918, 1919, 1920, 1921, 1922, 1923, 1924, 1925, 1926, 1927, 1928, 1929, 1930, 1931","ag");
INSERT INTO coins(coin_id,face_value_id,gross_weight,fineness,precious_metal_weight,years,metal) VALUES("rus_ruble_fractional_1_2_1","rus_ruble_fractional_1_2",10.366,0.868,0.2893,"1855, 1856, 1857, 1858","ag");
INSERT INTO coins(coin_id,face_value_id,gross_weight,fineness,precious_metal_weight,years,metal) VALUES("rus_ruble_1_1","rus_ruble_1",20.73,0.868,0.5785,"1855, 1856, 1857, 1858","ag");
INSERT INTO coins(coin_id,face_value_id,gross_weight,fineness,precious_metal_weight,years,metal) VALUES("rus_ruble_1_2","rus_ruble_1",20.7316,0.868,0.5786,"1855, 1856, 1857, 1858","ag");
INSERT INTO coins(coin_id,face_value_id,gross_weight,fineness,precious_metal_weight,years,metal) VALUES("rus_ruble_1_3","rus_ruble_1",19.9957,0.9,0.5786,"1886, 1887, 1888, 1889, 1890, 1891, 1892, 1893, 1894, 1895, 1896, 1897, 1898, 1899, 1900, 1901, 1902, 1903, 1904, 1905, 1906, 1907, 1908, 1909, 1910, 1911, 1912, 1913, 1914, 1915, 1916, 1917, 1918, 1919, 1920, 1921, 1922, 1923, 1924, 1925, 1926, 1927, 1928, 1929, 1930, 1931","ag");
INSERT INTO coins(coin_id,face_value_id,gross_weight,fineness,precious_metal_weight,years,metal) VALUES("rus_ruble_3_1","rus_ruble_3",3.9264,0.917,0.1158,"1855, 1856, 1857, 1858, 1859, 1860, 1861, 1862, 1863, 1864, 1865, 1866, 1867, 1868, 1869, 1870, 1871, 1872, 1873, 1874, 1875, 1876, 1877, 1878, 1879, 1880, 1881, 1882, 1883, 1884, 1885","au");
INSERT INTO coins(coin_id,face_value_id,gross_weight,fineness,precious_metal_weight,years,metal) VALUES("rus_ruble_5_1","rus_ruble_5",6.554,0.917,0.1932,"1855, 1856, 1857, 1858, 1859, 1860, 1861, 1862, 1863, 1864, 1865, 1866, 1867, 1868, 1869, 1870, 1871, 1872, 1873, 1874, 1875, 1876, 1877, 1878, 1879, 1880, 1881, 1882, 1883, 1884, 1885","au");
INSERT INTO coins(coin_id,face_value_id,gross_weight,fineness,precious_metal_weight,years,metal) VALUES("rus_ruble_5_2","rus_ruble_5",6.4519,0.9,0.1867,"1886, 1887, 1888, 1889, 1890, 1891, 1892, 1893, 1894, 1895, 1896, 1897","au");
INSERT INTO coins(coin_id,face_value_id,gross_weight,fineness,precious_metal_weight,years,metal) VALUES("rus_ruble_5_3","rus_ruble_5",4.3012,0.9,0.1245,"1897, 1898, 1899, 1900, 1901, 1902, 1903, 1904, 1905, 1906, 1907, 1908, 1909, 1910, 1911","au");
INSERT INTO coins(coin_id,face_value_id,gross_weight,fineness,precious_metal_weight,years,metal) VALUES("rus_ruble_fractional_7_1_2_1","rus_ruble_fractional_7_1_2",6.4518,0.9,0.1867,"1897, 1898, 1899, 1900, 1901, 1902, 1903, 1904, 1905, 1906, 1907, 1908, 1909, 1910, 1911","au");
INSERT INTO coins(coin_id,face_value_id,gross_weight,fineness,precious_metal_weight,years,metal) VALUES("rus_ruble_10_1","rus_ruble_10",12.9039,0.9,0.3734,"1886, 1887, 1888, 1889, 1890, 1891, 1892, 1893, 1894, 1895, 1896, 1897","au");
INSERT INTO coins(coin_id,face_value_id,gross_weight,fineness,precious_metal_weight,years,metal) VALUES("rus_ruble_10_2","rus_ruble_10",8.6024,0.9,0.2489,"1897, 1898, 1899, 1900, 1901, 1902, 1903, 1904, 1905, 1906, 1907, 1908, 1909, 1910, 1911","au");
INSERT INTO coins(coin_id,face_value_id,gross_weight,fineness,precious_metal_weight,years,metal) VALUES("rus_ruble_15_1","rus_ruble_15",12.9036,0.9,0.3734,"1897, 1898, 1899, 1900, 1901, 1902, 1903, 1904, 1905, 1906, 1907, 1908, 1909, 1910, 1911","au");
INSERT INTO coins(coin_id,face_value_id,gross_weight,fineness,precious_metal_weight,years,metal) VALUES("rus_ruble_25_1","rus_ruble_25",32.72,0.917,0.9647,"1855, 1856, 1857, 1858, 1859, 1860, 1861, 1862, 1863, 1864, 1865, 1866, 1867, 1868, 1869, 1870, 1871, 1872, 1873, 1874, 1875, 1876, 1877, 1878, 1879, 1880, 1881, 1882, 1883, 1884, 1885","au");
INSERT INTO coins(coin_id,face_value_id,gross_weight,fineness,precious_metal_weight,years,metal) VALUES("rus_ruble_25_2","rus_ruble_25",32.5295,0.9,0.9413,"1896, 1897, 1898, 1899, 1900, 1901, 1902, 1903, 1904, 1905, 1906, 1907, 1908","au");
INSERT INTO coins(coin_id,face_value_id,gross_weight,fineness,precious_metal_weight,years,metal) VALUES("rus_ruble_fractional_37_1_2_1","rus_ruble_fractional_37_1_2",32.259,0.9,0.9334,"1897, 1898, 1899, 1900, 1901, 1902, 1903, 1904, 1905, 1906, 1907, 1908, 1909, 1910, 1911","au");
INSERT INTO coins(coin_id,face_value_id,gross_weight,fineness,precious_metal_weight,years,metal) VALUES("mex_real_fractional_1_4_1","mex_real_fractional_1_4",0.846,0.9027,0.0246,"1822, 1823, 1824, 1825, 1826, 1827, 1828, 1829, 1830, 1831, 1832, 1833, 1834, 1835, 1836, 1837, 1838, 1839, 1840, 1841, 1842, 1843, 1844, 1845, 1846, 1847, 1848, 1849, 1850, 1851, 1852, 1853, 1854, 1855, 1856, 1857, 1858, 1859, 1860, 1861, 1862, 1863, 1864, 1865, 1866, 1867, 1868, 1869","ag");
INSERT INTO coins(coin_id,face_value_id,gross_weight,fineness,precious_metal_weight,years,metal) VALUES("mex_real_fractional_1_2_1","mex_real_fractional_1_2",1.6921,0.9027,0.0491,"1822, 1823, 1824, 1825, 1826, 1827, 1828, 1829, 1830, 1831, 1832, 1833, 1834, 1835, 1836, 1837, 1838, 1839, 1840, 1841, 1842, 1843, 1844, 1845, 1846, 1847, 1848, 1849, 1850, 1851, 1852, 1853, 1854, 1855, 1856, 1857, 1858, 1859, 1860, 1861, 1862, 1863, 1864, 1865, 1866, 1867, 1868, 1869","ag");
INSERT INTO coins(coin_id,face_value_id,gross_weight,fineness,precious_metal_weight,years,metal) VALUES("mex_real_1_1","mex_real_1",3.3841,0.9027,0.0982,"1822, 1823, 1824, 1825, 1826, 1827, 1828, 1829, 1830, 1831, 1832, 1833, 1834, 1835, 1836, 1837, 1838, 1839, 1840, 1841, 1842, 1843, 1844, 1845, 1846, 1847, 1848, 1849, 1850, 1851, 1852, 1853, 1854, 1855, 1856, 1857, 1858, 1859, 1860, 1861, 1862, 1863, 1864, 1865, 1866, 1867, 1868, 1869","ag");
INSERT INTO coins(coin_id,face_value_id,gross_weight,fineness,precious_metal_weight,years,metal) VALUES("mex_real_2_1","mex_real_2",6.7683,0.9027,0.1964,"1822, 1823, 1824, 1825, 1826, 1827, 1828, 1829, 1830, 1831, 1832, 1833, 1834, 1835, 1836, 1837, 1838, 1839, 1840, 1841, 1842, 1843, 1844, 1845, 1846, 1847, 1848, 1849, 1850, 1851, 1852, 1853, 1854, 1855, 1856, 1857, 1858, 1859, 1860, 1861, 1862, 1863, 1864, 1865, 1866, 1867, 1868, 1869, 1870, 1871, 1872, 1873, 1874, 1875, 1876, 1877, 1878, 1879, 1880, 1881, 1882, 1883, 1884, 1885, 1886, 1887, 1888, 1889, 1890, 1891, 1892, 1893, 1894, 1895, 1896, 1897, 1898, 1899, 1900, 1901, 1902, 1903, 1904, 1905","ag");
INSERT INTO coins(coin_id,face_value_id,gross_weight,fineness,precious_metal_weight,years,metal) VALUES("mex_real_4_1","mex_real_4",13.5365,0.9027,0.3929,"1822, 1823, 1824, 1825, 1826, 1827, 1828, 1829, 1830, 1831, 1832, 1833, 1834, 1835, 1836, 1837, 1838, 1839, 1840, 1841, 1842, 1843, 1844, 1845, 1846, 1847, 1848, 1849, 1850, 1851, 1852, 1853, 1854, 1855, 1856, 1857, 1858, 1859, 1860, 1861, 1862, 1863, 1864, 1865, 1866, 1867, 1868, 1869, 1870, 1871, 1872, 1873, 1874, 1875, 1876, 1877, 1878, 1879, 1880, 1881, 1882, 1883, 1884, 1885, 1886, 1887, 1888, 1889, 1890, 1891, 1892, 1893, 1894, 1895, 1896, 1897, 1898, 1899, 1900, 1901, 1902, 1903, 1904, 1905","ag");
INSERT INTO coins(coin_id,face_value_id,gross_weight,fineness,precious_metal_weight,years,metal) VALUES("mex_real_8_1","mex_real_8",27.073,0.9027,0.7857,"1822, 1823, 1824, 1825, 1826, 1827, 1828, 1829, 1830, 1831, 1832, 1833, 1834, 1835, 1836, 1837, 1838, 1839, 1840, 1841, 1842, 1843, 1844, 1845, 1846, 1847, 1848, 1849, 1850, 1851, 1852, 1853, 1854, 1855, 1856, 1857, 1858, 1859, 1860, 1861, 1862, 1863, 1864, 1865, 1866, 1867, 1868, 1869, 1870, 1871, 1872, 1873, 1874, 1875, 1876, 1877, 1878, 1879, 1880, 1881, 1882, 1883, 1884, 1885, 1886, 1887, 1888, 1889, 1890, 1891, 1892, 1893, 1894, 1895, 1896, 1897, 1898, 1899, 1900, 1901, 1902, 1903, 1904, 1905, 1906, 1907, 1908, 1909, 1910, 1911, 1912, 1913, 1914","ag");
INSERT INTO coins(coin_id,face_value_id,gross_weight,fineness,precious_metal_weight,years,metal) VALUES("mex_escudo_fractional_1_2_1","mex_escudo_fractional_1_2",1.6921,0.875,0.0476,"1825, 1826, 1827, 1828, 1829, 1830, 1831, 1832, 1833, 1834, 1835, 1836, 1837, 1838, 1839, 1840, 1841, 1842, 1843, 1844, 1845, 1846, 1847, 1848, 1849, 1850, 1851, 1852, 1853, 1854, 1855, 1856, 1857, 1858, 1859, 1860, 1861, 1862, 1863, 1864, 1865, 1866, 1867, 1868, 1869, 1870, 1871, 1872, 1873","au");
INSERT INTO coins(coin_id,face_value_id,gross_weight,fineness,precious_metal_weight,years,metal) VALUES("mex_escudo_1_1","mex_escudo_1",3.3841,0.875,0.0952,"1825, 1826, 1827, 1828, 1829, 1830, 1831, 1832, 1833, 1834, 1835, 1836, 1837, 1838, 1839, 1840, 1841, 1842, 1843, 1844, 1845, 1846, 1847, 1848, 1849, 1850, 1851, 1852, 1853, 1854, 1855, 1856, 1857, 1858, 1859, 1860, 1861, 1862, 1863, 1864, 1865, 1866, 1867, 1868, 1869, 1870, 1871, 1872, 1873","au");
INSERT INTO coins(coin_id,face_value_id,gross_weight,fineness,precious_metal_weight,years,metal) VALUES("mex_escudo_2_1","mex_escudo_2",6.7683,0.875,0.1904,"1825, 1826, 1827, 1828, 1829, 1830, 1831, 1832, 1833, 1834, 1835, 1836, 1837, 1838, 1839, 1840, 1841, 1842, 1843, 1844, 1845, 1846, 1847, 1848, 1849, 1850, 1851, 1852, 1853, 1854, 1855, 1856, 1857, 1858, 1859, 1860, 1861, 1862, 1863, 1864, 1865, 1866, 1867, 1868, 1869, 1870, 1871, 1872, 1873","au");
INSERT INTO coins(coin_id,face_value_id,gross_weight,fineness,precious_metal_weight,years,metal) VALUES("mex_escudo_4_1","mex_escudo_4",13.5365,0.875,0.3808,"1825, 1826, 1827, 1828, 1829, 1830, 1831, 1832, 1833, 1834, 1835, 1836, 1837, 1838, 1839, 1840, 1841, 1842, 1843, 1844, 1845, 1846, 1847, 1848, 1849, 1850, 1851, 1852, 1853, 1854, 1855, 1856, 1857, 1858, 1859, 1860, 1861, 1862, 1863, 1864, 1865, 1866, 1867, 1868, 1869, 1870, 1871, 1872, 1873","au");
INSERT INTO coins(coin_id,face_value_id,gross_weight,fineness,precious_metal_weight,years,metal) VALUES("mex_escudo_8_1","mex_escudo_8",27.073,0.875,0.7616,"1825, 1826, 1827, 1828, 1829, 1830, 1831, 1832, 1833, 1834, 1835, 1836, 1837, 1838, 1839, 1840, 1841, 1842, 1843, 1844, 1845, 1846, 1847, 1848, 1849, 1850, 1851, 1852, 1853, 1854, 1855, 1856, 1857, 1858, 1859, 1860, 1861, 1862, 1863, 1864, 1865, 1866, 1867, 1868, 1869, 1870, 1871, 1872, 1873","au");
INSERT INTO coins(coin_id,face_value_id,gross_weight,fineness,precious_metal_weight,years,metal) VALUES("mex_centavo_5_1","mex_centavo_5",1.3537,0.9027,0.0393,"1863, 1864, 1865, 1866, 1867, 1868, 1869, 1870, 1871, 1872, 1873, 1874, 1875, 1876, 1877, 1878, 1879, 1880, 1881, 1882, 1883, 1884, 1885, 1886, 1887, 1888, 1889, 1890, 1891, 1892, 1893, 1894, 1895, 1896, 1897, 1898, 1899, 1900, 1901, 1902, 1903, 1904, 1905","ag");
INSERT INTO coins(coin_id,face_value_id,gross_weight,fineness,precious_metal_weight,years,metal) VALUES("mex_centavo_10_1","mex_centavo_10",2.7073,0.9027,0.0786,"1863, 1864, 1865, 1866, 1867, 1868, 1869, 1870, 1871, 1872, 1873, 1874, 1875, 1876, 1877, 1878, 1879, 1880, 1881, 1882, 1883, 1884, 1885, 1886, 1887, 1888, 1889, 1890, 1891, 1892, 1893, 1894, 1895, 1896, 1897, 1898, 1899, 1900, 1901, 1902, 1903, 1904, 1905","ag");
INSERT INTO coins(coin_id,face_value_id,gross_weight,fineness,precious_metal_weight,years,metal) VALUES("mex_centavo_10_2","mex_centavo_10",2.5,0.8,0.0643,"1905, 1906, 1907, 1908, 1909, 1910, 1911, 1912, 1913, 1914, 1915, 1916, 1917, 1918","ag");
INSERT INTO coins(coin_id,face_value_id,gross_weight,fineness,precious_metal_weight,years,metal) VALUES("mex_centavo_10_3","mex_centavo_10",1.8125,0.8,0.0466,"1918, 1919","ag");
INSERT INTO coins(coin_id,face_value_id,gross_weight,fineness,precious_metal_weight,years,metal) VALUES("mex_centavo_10_4","mex_centavo_10",1.6667,0.72,0.0386,"1919, 1920, 1921, 1922, 1923, 1924, 1925, 1926, 1927, 1928, 1929, 1930, 1931, 1932, 1933, 1934, 1935, 1936, 1937, 1938, 1939, 1940, 1941, 1942, 1943, 1944, 1945","ag");
INSERT INTO coins(coin_id,face_value_id,gross_weight,fineness,precious_metal_weight,years,metal) VALUES("mex_centavo_20_1","mex_centavo_20",5.4146,0.9027,0.1571,"1863, 1864, 1865, 1866, 1867, 1868, 1869, 1870, 1871, 1872, 1873, 1874, 1875, 1876, 1877, 1878, 1879, 1880, 1881, 1882, 1883, 1884, 1885, 1886, 1887, 1888, 1889, 1890, 1891, 1892, 1893, 1894, 1895, 1896, 1897, 1898, 1899, 1900, 1901, 1902, 1903, 1904, 1905","ag");
INSERT INTO coins(coin_id,face_value_id,gross_weight,fineness,precious_metal_weight,years,metal) VALUES("mex_centavo_20_2","mex_centavo_20",5.0,0.8,0.1286,"1905, 1906, 1907, 1908, 1909, 1910, 1911, 1912, 1913, 1914, 1915, 1916, 1917, 1918","ag");
INSERT INTO coins(coin_id,face_value_id,gross_weight,fineness,precious_metal_weight,years,metal) VALUES("mex_centavo_20_3","mex_centavo_20",3.625,0.8,0.0932,"1918, 1919","ag");
INSERT INTO coins(coin_id,face_value_id,gross_weight,fineness,precious_metal_weight,years,metal) VALUES("mex_centavo_20_4","mex_centavo_20",3.3333,0.72,0.0772,"1919, 1920, 1921, 1922, 1923, 1924, 1925, 1926, 1927, 1928, 1929, 1930, 1931, 1932, 1933, 1934, 1935, 1936, 1937, 1938, 1939, 1940, 1941, 1942, 1943, 1944, 1945","ag");
INSERT INTO coins(coin_id,face_value_id,gross_weight,fineness,precious_metal_weight,years,metal) VALUES("mex_centavo_50_1","mex_centavo_50",12.5,0.8,0.3215,"1905, 1906, 1907, 1908, 1909, 1910, 1911, 1912, 1913, 1914, 1915, 1916, 1917, 1918","ag");
INSERT INTO coins(coin_id,face_value_id,gross_weight,fineness,precious_metal_weight,years,metal) VALUES("mex_centavo_50_2","mex_centavo_50",9.0625,0.8,0.2331,"1918, 1919","ag");
INSERT INTO coins(coin_id,face_value_id,gross_weight,fineness,precious_metal_weight,years,metal) VALUES("mex_centavo_50_3","mex_centavo_50",8.3333,0.72,0.1929,"1919, 1920, 1921, 1922, 1923, 1924, 1925, 1926, 1927, 1928, 1929, 1930, 1931, 1932, 1933, 1934, 1935, 1936, 1937, 1938, 1939, 1940, 1941, 1942, 1943, 1944, 1945","ag");
INSERT INTO coins(coin_id,face_value_id,gross_weight,fineness,precious_metal_weight,years,metal) VALUES("mex_centavo_50_4","mex_centavo_50",7.9733,0.42,0.1077,"1935","ag");
INSERT INTO coins(coin_id,face_value_id,gross_weight,fineness,precious_metal_weight,years,metal) VALUES("mex_peso_1_1","mex_peso_1",18.125,0.8,0.4662,"1918, 1919","ag");
INSERT INTO coins(coin_id,face_value_id,gross_weight,fineness,precious_metal_weight,years,metal) VALUES("mex_peso_1_2","mex_peso_1",16.66,0.72,0.3857,"1920, 1921, 1922, 1923, 1924, 1925, 1926, 1927, 1932, 1933, 1934, 1935, 1938, 1940, 1943, 1944, 1945","ag");
INSERT INTO coins(coin_id,face_value_id,gross_weight,fineness,precious_metal_weight,years,metal) VALUES("mex_peso_1_3","mex_peso_1",14.0,0.5,0.2251,"1947, 1948, 1949","ag");
INSERT INTO coins(coin_id,face_value_id,gross_weight,fineness,precious_metal_weight,years,metal) VALUES("mex_peso_1_4","mex_peso_1",16.0,0.1,0.0514,"1957, 1958, 1959, 1960, 1961, 1962, 1963, 1964, 1965, 1966, 1967","ag");
INSERT INTO coins(coin_id,face_value_id,gross_weight,fineness,precious_metal_weight,years,metal) VALUES("mex_peso_1_5","mex_peso_1",1.6921,0.875,0.0476,"1870, 1871, 1872, 1873, 1874, 1875, 1876, 1877, 1878, 1879, 1880, 1881, 1882, 1883, 1884, 1885, 1886, 1887, 1888, 1889, 1890, 1891, 1892, 1893, 1894, 1895, 1896, 1897, 1898, 1899, 1900, 1901, 1902, 1903, 1904, 1905","au");
INSERT INTO coins(coin_id,face_value_id,gross_weight,fineness,precious_metal_weight,years,metal) VALUES("mex_peso_2_1","mex_peso_2",26.6667,0.9,0.7716,"1919, 1920, 1921, 1922, 1923, 1924, 1925, 1926, 1927, 1928, 1929, 1930, 1931, 1932, 1933, 1934, 1935, 1936, 1937, 1938, 1939, 1940, 1941, 1942, 1943, 1944, 1945","ag");
INSERT INTO coins(coin_id,face_value_id,gross_weight,fineness,precious_metal_weight,years,metal) VALUES("mex_peso_2_2","mex_peso_2",1.6667,0.9,0.0482,"1905, 1906, 1907, 1908, 1909, 1910, 1911, 1912, 1913, 1914, 1915, 1916, 1917, 1918, 1919, 1920, 1921, 1922, 1923, 1924, 1925, 1926, 1927, 1928, 1929, 1930, 1931, 1932, 1933, 1934, 1935, 1936, 1937, 1938, 1939, 1940, 1941, 1942, 1943, 1944, 1945, 1946, 1947, 1948, 1949, 1950, 1951, 1952, 1953, 1954, 1955, 1956, 1957, 1958, 1959","au");
INSERT INTO coins(coin_id,face_value_id,gross_weight,fineness,precious_metal_weight,years,metal) VALUES("mex_peso_fractional_2_1_2_1","mex_peso_fractional_2_1_2",4.2301,0.875,0.119,"1870, 1871, 1872, 1873, 1874, 1875, 1876, 1877, 1878, 1879, 1880, 1881, 1882, 1883, 1884, 1885, 1886, 1887, 1888, 1889, 1890, 1891, 1892, 1893, 1894, 1895, 1896, 1897, 1898, 1899, 1900, 1901, 1902, 1903, 1904, 1905","au");
INSERT INTO coins(coin_id,face_value_id,gross_weight,fineness,precious_metal_weight,years,metal) VALUES("mex_peso_fractional_2_1_2_2","mex_peso_fractional_2_1_2",2.0833,0.9,0.0603,"1905, 1906, 1907, 1908, 1909, 1910, 1911, 1912, 1913, 1914, 1915, 1916, 1917, 1918, 1919, 1920, 1921, 1922, 1923, 1924, 1925, 1926, 1927, 1928, 1929, 1930, 1931, 1932, 1933, 1934, 1935, 1936, 1937, 1938, 1939, 1940, 1941, 1942, 1943, 1944, 1945, 1946, 1947, 1948, 1949, 1950, 1951, 1952, 1953, 1954, 1955, 1956, 1957, 1958, 1959","au");
INSERT INTO coins(coin_id,face_value_id,gross_weight,fineness,precious_metal_weight,years,metal) VALUES("mex_peso_5_1","mex_peso_5",30.0,0.9,0.8681,"1947, 1948, 1949","ag");
INSERT INTO coins(coin_id,face_value_id,gross_weight,fineness,precious_metal_weight,years,metal) VALUES("mex_peso_5_2","mex_peso_5",27.78,0.72,0.6431,"1950, 1951, 1952, 1953, 1954","ag");
INSERT INTO coins(coin_id,face_value_id,gross_weight,fineness,precious_metal_weight,years,metal) VALUES("mex_peso_5_3","mex_peso_5",18.05,0.72,0.4178,"1955, 1956, 1957, 1958, 1959","ag");
INSERT INTO coins(coin_id,face_value_id,gross_weight,fineness,precious_metal_weight,years,metal) VALUES("mex_peso_5_4","mex_peso_5",8.4602,0.875,0.238,"1870, 1871, 1872, 1873, 1874, 1875, 1876, 1877, 1878, 1879, 1880, 1881, 1882, 1883, 1884, 1885, 1886, 1887, 1888, 1889, 1890, 1891, 1892, 1893, 1894, 1895, 1896, 1897, 1898, 1899, 1900, 1901, 1902, 1903, 1904, 1905","au");
INSERT INTO coins(coin_id,face_value_id,gross_weight,fineness,precious_metal_weight,years,metal) VALUES("mex_peso_5_5","mex_peso_5",4.1667,0.9,0.1206,"1905, 1906, 1907, 1908, 1909, 1910, 1911, 1912, 1913, 1914, 1915, 1916, 1917, 1918, 1919, 1920, 1921, 1922, 1923, 1924, 1925, 1926, 1927, 1928, 1929, 1930, 1931, 1932, 1933, 1934, 1935, 1936, 1937, 1938, 1939, 1940, 1941, 1942, 1943, 1944, 1945, 1946, 1947, 1948, 1949, 1950, 1951, 1952, 1953, 1954, 1955, 1956, 1957, 1958, 1959","au");
INSERT INTO coins(coin_id,face_value_id,gross_weight,fineness,precious_metal_weight,years,metal) VALUES("mex_peso_10_1","mex_peso_10",28.88,0.9,0.8357,"1955, 1956, 1957, 1958, 1959, 1960","ag");
INSERT INTO coins(coin_id,face_value_id,gross_weight,fineness,precious_metal_weight,years,metal) VALUES("mex_peso_10_2","mex_peso_10",16.9205,0.875,0.476,"1870, 1871, 1872, 1873, 1874, 1875, 1876, 1877, 1878, 1879, 1880, 1881, 1882, 1883, 1884, 1885, 1886, 1887, 1888, 1889, 1890, 1891, 1892, 1893, 1894, 1895, 1896, 1897, 1898, 1899, 1900, 1901, 1902, 1903, 1904, 1905","au");
INSERT INTO coins(coin_id,face_value_id,gross_weight,fineness,precious_metal_weight,years,metal) VALUES("mex_peso_10_3","mex_peso_10",8.3333,0.9,0.2411,"1905, 1906, 1907, 1908, 1909, 1910, 1911, 1912, 1913, 1914, 1915, 1916, 1917, 1918, 1919, 1920, 1921, 1922, 1923, 1924, 1925, 1926, 1927, 1928, 1929, 1930, 1931, 1932, 1933, 1934, 1935, 1936, 1937, 1938, 1939, 1940, 1941, 1942, 1943, 1944, 1945, 1946, 1947, 1948, 1949, 1950, 1951, 1952, 1953, 1954, 1955, 1956, 1957, 1958, 1959","au");
INSERT INTO coins(coin_id,face_value_id,gross_weight,fineness,precious_metal_weight,years,metal) VALUES("mex_peso_20_1","mex_peso_20",33.841,0.875,0.952,"1870, 1871, 1872, 1873, 1874, 1875, 1876, 1877, 1878, 1879, 1880, 1881, 1882, 1883, 1884, 1885, 1886, 1887, 1888, 1889, 1890, 1891, 1892, 1893, 1894, 1895, 1896, 1897, 1898, 1899, 1900, 1901, 1902, 1903, 1904, 1905","au");
INSERT INTO coins(coin_id,face_value_id,gross_weight,fineness,precious_metal_weight,years,metal) VALUES("mex_peso_20_2","mex_peso_20",16.6667,0.9,0.4823,"1905, 1906, 1907, 1908, 1909, 1910, 1911, 1912, 1913, 1914, 1915, 1916, 1917, 1918, 1919, 1920, 1921, 1922, 1923, 1924, 1925, 1926, 1927, 1928, 1929, 1930, 1931, 1932, 1933, 1934, 1935, 1936, 1937, 1938, 1939, 1940, 1941, 1942, 1943, 1944, 1945, 1946, 1947, 1948, 1949, 1950, 1951, 1952, 1953, 1954, 1955, 1956, 1957, 1958, 1959","au");
INSERT INTO coins(coin_id,face_value_id,gross_weight,fineness,precious_metal_weight,years,metal) VALUES("mex_peso_50_1","mex_peso_50",41.6667,0.9,1.2057,"1905, 1906, 1907, 1908, 1909, 1910, 1911, 1912, 1913, 1914, 1915, 1916, 1917, 1918, 1919, 1920, 1921, 1922, 1923, 1924, 1925, 1926, 1927, 1928, 1929, 1930, 1931, 1932, 1933, 1934, 1935, 1936, 1937, 1938, 1939, 1940, 1941, 1942, 1943, 1944, 1945, 1946, 1947, 1948, 1949, 1950, 1951, 1952, 1953, 1954, 1955, 1956, 1957, 1958, 1959","au");
INSERT INTO coins(coin_id,face_value_id,gross_weight,fineness,precious_metal_weight,years,metal,name) VALUES("gbr_britannia_fractional_1_10_oz_1","gbr_britannia_fractional_1_10_oz",3.405,0.9167,0.1,"1997, 1998, 1999, 2000, 2001, 2002, 2003, 2004, 2005, 2006, 2007, 2008, 2009, 2010, 2011, 2012, 2013, 2014, 2015, 2016, 2017, 2018, 2019, 2020, 2021, 2022, 2023, 2024, 2025","ag","silver");
INSERT INTO coins(coin_id,face_value_id,gross_weight,fineness,precious_metal_weight,years,metal,name) VALUES("gbr_britannia_fractional_1_10_oz_2","gbr_britannia_fractional_1_10_oz",3.405,0.9167,0.1,"1987, 1988, 1989, 1990, 1991, 1992, 1993, 1994, 1995, 1996, 1997, 1998, 1999, 2000, 2001, 2002, 2003, 2004, 2005, 2006, 2007, 2008, 2009, 2010, 2011, 2012, 2013","au","gold (old purity)");
INSERT INTO coins(coin_id,face_value_id,gross_weight,fineness,precious_metal_weight,years,metal,name) VALUES("gbr_britannia_fractional_1_10_oz_3","gbr_britannia_fractional_1_10_oz",3.11,0.9999,0.1,"2013, 2014, 2015, 2016, 2017, 2018, 2019, 2020, 2021, 2022, 2023, 2024, 2025","au","gold");
INSERT INTO coins(coin_id,face_value_id,gross_weight,fineness,precious_metal_weight,years,metal,name) VALUES("gbr_britannia_fractional_1_10_oz_4","gbr_britannia_fractional_1_10_oz",3.11,0.9995,0.1,"2018, 2019, 2020, 2021, 2022, 2023, 2024, 2025","pt","platinum");
INSERT INTO coins(coin_id,face_value_id,gross_weight,fineness,precious_metal_weight,years,metal,name) VALUES("gbr_britannia_fractional_1_4_oz_1","gbr_britannia_fractional_1_4_oz",8.5125,0.9167,0.25,"1997, 1998, 1999, 2000, 2001, 2002, 2003, 2004, 2005, 2006, 2007, 2008, 2009, 2010, 2011, 2012, 2013, 2014, 2015, 2016, 2017, 2018, 2019, 2020, 2021, 2022, 2023, 2024, 2025","ag","silver");
INSERT INTO coins(coin_id,face_value_id,gross_weight,fineness,precious_metal_weight,years,metal,name) VALUES("gbr_britannia_fractional_1_4_oz_2","gbr_britannia_fractional_1_4_oz",8.5125,0.9167,0.25,"1987, 1988, 1989, 1990, 1991, 1992, 1993, 1994, 1995, 1996, 1997, 1998, 1999, 2000, 2001, 2002, 2003, 2004, 2005, 2006, 2007, 2008, 2009, 2010, 2011, 2012, 2013","au","gold (old purity)");
INSERT INTO coins(coin_id,face_value_id,gross_weight,fineness,precious_metal_weight,years,metal,name) VALUES("gbr_britannia_fractional_1_4_oz_3","gbr_britannia_fractional_1_4_oz",7.776,0.9999,0.25,"2013, 2014, 2015, 2016, 2017, 2018, 2019, 2020, 2021, 2022, 2023, 2024, 2025","au","gold");
INSERT INTO coins(coin_id,face_value_id,gross_weight,fineness,precious_metal_weight,years,metal,name) VALUES("gbr_britannia_fractional_1_4_oz_4","gbr_britannia_fractional_1_4_oz",7.776,0.9995,0.25,"2018, 2019, 2020, 2021, 2022, 2023, 2024, 2025","pt","platinum");
INSERT INTO coins(coin_id,face_value_id,gross_weight,fineness,precious_metal_weight,years,metal,name) VALUES("gbr_britannia_fractional_1_2_oz_1","gbr_britannia_fractional_1_2_oz",17.025,0.9167,0.5,"1997, 1998, 1999, 2000, 2001, 2002, 2003, 2004, 2005, 2006, 2007, 2008, 2009, 2010, 2011, 2012, 2013, 2014, 2015, 2016, 2017, 2018, 2019, 2020, 2021, 2022, 2023, 2024, 2025","ag","silver");
INSERT INTO coins(coin_id,face_value_id,gross_weight,fineness,precious_metal_weight,years,metal,name) VALUES("gbr_britannia_fractional_1_2_oz_2","gbr_britannia_fractional_1_2_oz",17.025,0.9167,0.5,"1987, 1988, 1989, 1990, 1991, 1992, 1993, 1994, 1995, 1996, 1997, 1998, 1999, 2000, 2001, 2002, 2003, 2004, 2005, 2006, 2007, 2008, 2009, 2010, 2011, 2012, 2013","au","gold (old purity)");
INSERT INTO coins(coin_id,face_value_id,gross_weight,fineness,precious_metal_weight,years,metal,name) VALUES("gbr_britannia_fractional_1_2_oz_3","gbr_britannia_fractional_1_2_oz",15.552,0.9999,0.5,"2013, 2014, 2015, 2016, 2017, 2018, 2019, 2020, 2021, 2022, 2023, 2024, 2025","au","gold");
INSERT INTO coins(coin_id,face_value_id,gross_weight,fineness,precious_metal_weight,years,metal,name) VALUES("gbr_britannia_fractional_1_2_oz_4","gbr_britannia_fractional_1_2_oz",15.552,0.9995,0.5,"2018, 2019, 2020, 2021, 2022, 2023, 2024, 2025","pt","platinum");
INSERT INTO coins(coin_id,face_value_id,gross_weight,fineness,precious_metal_weight,years,metal,name) VALUES("gbr_britannia_1 oz_1","gbr_britannia_1 oz",34.05,0.9167,1.0,"1997, 1998, 1999, 2000, 2001, 2002, 2003, 2004, 2005, 2006, 2007, 2008, 2009, 2010, 2011, 2012, 2013, 2014, 2015, 2016, 2017, 2018, 2019, 2020, 2021, 2022, 2023, 2024, 2025","ag","silver");
INSERT INTO coins(coin_id,face_value_id,gross_weight,fineness,precious_metal_weight,years,metal,name) VALUES("gbr_britannia_1 oz_2","gbr_britannia_1 oz",34.05,0.9167,1.0,"1987, 1988, 1989, 1990, 1991, 1992, 1993, 1994, 1995, 1996, 1997, 1998, 1999, 2000, 2001, 2002, 2003, 2004, 2005, 2006, 2007, 2008, 2009, 2010, 2011, 2012, 2013","au","gold (old purity)");
INSERT INTO coins(coin_id,face_value_id,gross_weight,fineness,precious_metal_weight,years,metal,name) VALUES("gbr_britannia_1 oz_3","gbr_britannia_1 oz",31.11,0.9999,1.0,"2013, 2014, 2015, 2016, 2017, 2018, 2019, 2020, 2021, 2022, 2023, 2024, 2025","au","gold");
INSERT INTO coins(coin_id,face_value_id,gross_weight,fineness,precious_metal_weight,years,metal,name) VALUES("gbr_britannia_1 oz_4","gbr_britannia_1 oz",31.11,0.9995,1.0,"2018, 2019, 2020, 2021, 2022, 2023, 2024, 2025","pt","platinum");
INSERT INTO coins(coin_id,face_value_id,gross_weight,fineness,precious_metal_weight,years,metal,name) VALUES("zaf_krugerrand_1_oz_1","zaf_krugerrand_1_oz",31.11,0.9999,1.0,"2017, 2018, 2019, 2020, 2021, 2022, 2023, 2024, 2025","ag","silver");
INSERT INTO coins(coin_id,face_value_id,gross_weight,fineness,precious_metal_weight,years,metal,name) VALUES("zaf_krugerrand_1_oz_2","zaf_krugerrand_1_oz",33.93,0.9167,1.0,"1967, 1968, 1969, 1970, 1971, 1972, 1973, 1974, 1975, 1976, 1977, 1978, 1979, 1980, 1981, 1982, 1983, 1984, 1985, 1986, 1987, 1988, 1989, 1990, 1991, 1992, 1993, 1994, 1995, 1996, 1997, 1998, 1999, 2000, 2001, 2002, 2003, 2004, 2005, 2006, 2007, 2008, 2009, 2010, 2011, 2012, 2013, 2014, 2015, 2016, 2017, 2018, 2019, 2020, 2021, 2022, 2023, 2024, 2025","au","gold");
INSERT INTO coins(coin_id,face_value_id,gross_weight,fineness,precious_metal_weight,years,metal,name) VALUES("zaf_krugerrand_fractional_1_2_oz_1","zaf_krugerrand_fractional_1_2_oz",16.965,0.9167,0.5,"1980, 1981, 1982, 1983, 1984, 1985, 1986, 1987, 1988, 1989, 1990, 1991, 1992, 1993, 1994, 1995, 1996, 1997, 1998, 1999, 2000, 2001, 2002, 2003, 2004, 2005, 2006, 2007, 2008, 2009, 2010, 2011, 2012, 2013, 2014, 2015, 2016, 2017, 2018, 2019, 2020, 2021, 2022, 2023, 2024, 2025","au","gold");
INSERT INTO coins(coin_id,face_value_id,gross_weight,fineness,precious_metal_weight,years,metal,name) VALUES("zaf_krugerrand_fractional_1_4_oz_1","zaf_krugerrand_fractional_1_4_oz",8.4825,0.9167,0.25,"1970, 1971, 1972, 1973, 1974, 1975, 1976, 1977, 1978, 1979, 1980, 1981, 1982, 1983, 1984, 1985, 1986, 1987, 1988, 1989, 1990, 1991, 1992, 1993, 1994, 1995, 1996, 1997, 1998, 1999, 2000, 2001, 2002, 2003, 2004, 2005, 2006, 2007, 2008, 2009, 2010, 2011, 2012, 2013, 2014, 2015, 2016, 2017, 2018, 2019, 2020, 2021, 2022, 2023, 2024, 2025","au","gold");
INSERT INTO coins(coin_id,face_value_id,gross_weight,fineness,precious_metal_weight,years,metal,name) VALUES("zaf_krugerrand_fractional_1_10_oz_1","zaf_krugerrand_fractional_1_10_oz",3.393,0.9167,0.1,"1980, 1981, 1982, 1983, 1984, 1985, 1986, 1987, 1988, 1989, 1990, 1991, 1992, 1993, 1994, 1995, 1996, 1997, 1998, 1999, 2000, 2001, 2002, 2003, 2004, 2005, 2006, 2007, 2008, 2009, 2010, 2011, 2012, 2013, 2014, 2015, 2016, 2017, 2018, 2019, 2020, 2021, 2022, 2023, 2024, 2025","au","gold");
